Number of Parallel Issues,Number of Prior Comments,Is Cross Projects,Number of Similar Failures,Is Shared Same Emsg,Is Duplicate,Is Reference,Is Blocker,Is Cloners,Is Child-Issue,Is dependent,Is Problem/Incident,Is Regression,Is Container,Is Dependent,Is Supercedes,Is Required,Is Parent Feature,Is Blocked,Is Dependency,Is Completes,Is Testing,Is Issue split,Has Config Files,Has Source Code,Modified Source Code Files,Config Lines Deleted,CI Latency
0.027464207482142823,0.15638212134604962,0.005887987469767925,0.17026648282771256,0.0752740995547012,0.01230226632262681,0.010313620875404174,0.02055902567263769,0.012434757717789211,0.006267644428437362,0.008044001577906992,0.008209935261145303,0.0036307726912577195,0.008797567721632477,0.010135271720555717,0.0,0.010210399204007596,0.0,0.006240341623013134,0.001189985954527627,0.0,0.0,0.0,0.02207709305180388,0.015206363465414863,0.14637061267650528,0.03829629256374636,0.2244391487912137
0.02648282067580618,0.1588485671580067,0.005808781256661682,0.1696769615386699,0.07317344255513986,0.012295494134789517,0.010635527263227517,0.020433455114861894,0.012737410232986995,0.0062420591636035885,0.008375360412535034,0.007956443682845768,0.003086896647218662,0.00826747986228633,0.011726258374254447,0.0,0.010959536149244066,0.0,0.006214203829507082,0.0012282742702700228,0.0,0.0,0.0,0.022159626936217834,0.015662506659136537,0.1440195243371843,0.03918966942056093,0.22481970032498527
0.026500099161569833,0.15683278855032684,0.005683579423767996,0.16891113308991074,0.07122325046758655,0.012742198372547243,0.010644710947461838,0.020439834918807135,0.011951465345265144,0.006321139873381674,0.007786685670677476,0.008621379469721158,0.0031290564663510865,0.008236844514922964,0.010018691837649956,0.0,0.010131309262260219,0.0,0.006814562972388601,0.0011149675689921471,0.0,0.0,0.0,0.022738699858029354,0.01445190835489551,0.14715690121016486,0.03844538931580463,0.2301034033475171
0.02467574330565558,0.15763131356213228,0.005934832152573227,0.16865010874649358,0.07569477373433633,0.012214010576187182,0.010141272005412635,0.020519331208681203,0.012309709530083878,0.006321630425567849,0.008961484452804716,0.008318896174010715,0.0034791948632720677,0.008790272343801628,0.011651618872088114,0.0,0.010403783082358621,0.0,0.00644381840162876,0.0011733532318533503,0.0,0.0,0.0,0.0225000413889618,0.015407540819393986,0.14515569557881616,0.03904385820726568,0.22457771733662063
0.02757276784697016,0.16121752068251965,0.006290588112487228,0.1672507962189323,0.0738289276388849,0.012077074307846207,0.01015748878592707,0.02035670609478505,0.012908820568635732,0.0060738148178532125,0.007628697622403218,0.008167335367951311,0.0032286303903583855,0.008469827191185176,0.01113005413376304,0.0,0.010119699047488282,0.0,0.006662775800711977,0.0010303609527503755,0.0,0.0,0.0,0.022315057319772052,0.015188804476668441,0.1472035217506388,0.038617909124172366,0.22250282174729516
0.02601267011290124,0.15910040819094767,0.005556184720639136,0.17159827398391841,0.07388458882522207,0.01252780796451326,0.010054407866170217,0.020842546216364072,0.012134964807329623,0.0061856916057926,0.00800004047025571,0.008193838857498791,0.0030803722934385344,0.008561080665999352,0.011378946534848203,0.0,0.009722769521949845,0.0,0.0065471990738432545,0.001285752634169604,0.0,0.0,0.0,0.022257854841578398,0.015391858746639248,0.14660307911284637,0.03764611980396398,0.22343354314917044
0.02607155824516776,0.1560804784485517,0.006469799078882445,0.1715263967708144,0.07304337035961327,0.011984987093197364,0.010507034699624867,0.02032575060815273,0.013170450600201356,0.005720092296174068,0.008807095776199841,0.008474860086191506,0.0029524224203970146,0.008385306516094631,0.011098219051784815,0.0,0.009936533120623403,0.0,0.006798814538998619,0.001316362492083864,0.0,0.0,0.0,0.022056758605324196,0.01510963555884554,0.14621822128530068,0.037711860608308986,0.22623399173946696
0.02613140600312066,0.1617622093420198,0.005886132389975541,0.16741879071206822,0.07414915512848329,0.011594419578560285,0.01050077373274756,0.020825977741291943,0.012418291130526681,0.006220979565359853,0.008672514656264427,0.008206897951017303,0.0033903278735229795,0.008832907561674017,0.010350085889832463,0.0,0.010472266681882647,0.0,0.00620705650395113,0.0012137540381812139,0.0,0.0,0.0,0.02337972677552668,0.01542525689242957,0.146550910860554,0.03759035311243588,0.2227998058785739
0.02592623495303517,0.15666307538428464,0.0062077882603221056,0.16934957174074636,0.0734421796479459,0.012244883432416037,0.009962421778647264,0.02015563757489223,0.013495041649389573,0.0062799025542508045,0.008355817966962881,0.00824031792000465,0.0034481126129749296,0.008089604879439518,0.010954164209328224,0.0,0.009900978546905748,0.0,0.006495664761271469,0.0011472832534062973,0.0,0.0,0.0,0.022150139342266423,0.016368328058351485,0.14723427158935326,0.03869151058968194,0.22519706929412306
0.026085863561807143,0.1586338666859196,0.006154724472084355,0.16956860975539303,0.07412956123412821,0.013032867244316418,0.010262388037339193,0.021022890713205948,0.01240495905195336,0.0067540410522795745,0.008998086026604108,0.008160083531197215,0.003711480913505579,0.008328089489417904,0.011288098515394645,0.0,0.010457574770544115,0.0,0.006597410004921142,0.0010851200473948647,0.0,0.0,0.0,0.02159513036526608,0.01572728134442855,0.14223122221464424,0.03868155562059981,0.22508909534765498
0.026221679552497972,0.15681758018429814,0.006160375906597215,0.16955427104444326,0.07506056478566618,0.012157856644002058,0.010573969386414033,0.02042255880289751,0.013444052398772185,0.006412263075633462,0.008112093823508144,0.008276323547182962,0.0034346784340203037,0.00891466887858047,0.010287670353609321,0.0,0.010601936344633328,0.0,0.007029415666221769,0.0011592547380452488,0.0,0.0,0.0,0.022237086582055463,0.015561631181346677,0.1447183053187941,0.039122473351070705,0.22371928999970958
0.02449467530453997,0.1573309867016606,0.006376127528863509,0.17157829932377544,0.0752445671911551,0.01142605157959643,0.010482673032211945,0.020795599819976092,0.013339399592956321,0.006358715924852651,0.008516095106135043,0.008505263146245359,0.0032045699666022726,0.008134137157980954,0.010208273158539758,0.0,0.010320628717596942,0.0,0.0064252994175977825,0.0011053764626905588,0.0,0.0,0.0,0.021901087203641263,0.015091264156920173,0.14482906129470655,0.03887365331679209,0.22545819489496316
0.025619886557932754,0.16000726479236485,0.00575713340834195,0.17151664981274034,0.07162812989968836,0.012423715266142681,0.01077986773271569,0.02062525405211573,0.012569024213585783,0.005709268877204418,0.008657087217126196,0.008491557427877938,0.003301186132372792,0.008122683873051352,0.010834813233326966,0.0,0.010136642012210961,0.0,0.006570897811268435,0.0012127497307231063,0.0,0.0,0.0,0.022595922823154688,0.015466109371521194,0.14608807714086622,0.03916535620989296,0.22272072240377466
0.027111029723550534,0.1578082974490426,0.006256518345167404,0.16943822165054853,0.07306700419423376,0.012403601073889069,0.010277182407360771,0.020400289850021933,0.013126217272924115,0.005449735550102951,0.008160558712133512,0.008263586912624821,0.003318498150283392,0.008423476890148548,0.011012230263681543,0.0,0.01052413515222091,0.0,0.00701659259095559,0.0012918044163063834,0.0,0.0,0.0,0.022551078121018166,0.015080306785027194,0.1461544806524374,0.03883877935530399,0.22402637448101687
0.026595745615818282,0.1565268101956753,0.0056529375146051695,0.16908055441498696,0.07423124148249359,0.012410721605885624,0.010308270884297293,0.02115177839336778,0.012937613560777782,0.005757278846579197,0.00870415970083804,0.00830928653695576,0.003345791261116125,0.00869997801984291,0.010729773963449424,0.0,0.01052328572579673,0.0,0.00639914134284895,0.0012576905114544958,0.0,0.0,0.0,0.022951408211757576,0.015662047104234005,0.1468667071363551,0.038910051125460775,0.2229877268454032
0.027249596713336106,0.158501285890209,0.006042143914359217,0.16968399343064627,0.07212209291129339,0.01251297055642675,0.010502168594625843,0.020166999433863186,0.01259822699799543,0.005649010545989071,0.008528719186027284,0.008060609436392217,0.003286609236136368,0.008622850862355876,0.010314049007579911,0.0,0.010438246702715695,0.0,0.006786193139888509,0.0011699575110824772,0.0,0.0,0.0,0.0225146068719419,0.015055479580165435,0.14742232687692486,0.03775016262725435,0.2250216999727909
0.025749939185381633,0.156612547205865,0.005655550965991806,0.1691868316085386,0.07255804413876256,0.012401688324272731,0.010450467828944135,0.020867686024970238,0.012625823923352875,0.006365230707138901,0.008626541920864077,0.008541619237196568,0.003643773712132383,0.008026843103780079,0.010678824271662965,0.0,0.010977421867392655,0.0,0.006090871947483324,0.0014052252333827348,0.0,0.0,0.0,0.022824382644869197,0.015331728350891333,0.14674707827138062,0.0388270999131877,0.22580477961255788
0.026501285027582606,0.1562669816703322,0.006561659359330137,0.1633967491953443,0.07347013198768518,0.012342689261100884,0.010279725156512345,0.020251095819991117,0.01268206293937143,0.005791819918377283,0.008751745398336487,0.008042616935637946,0.0035668344407871443,0.008393866560409226,0.011776543997316806,0.0,0.010448224045812205,0.0,0.006546561314866313,0.001241067137258566,0.0,0.0,0.0,0.022721536426048263,0.016410090219667023,0.14584276582251238,0.039260240742674694,0.22945370662304554
0.02517547115813809,0.15983249497276453,0.006234025078175274,0.16956867871599288,0.07206981600945316,0.012475097537197794,0.010455501431923189,0.02144459117585759,0.013334435823651587,0.005835640879480668,0.008679127729574033,0.008051836090093769,0.0034707112216465696,0.008657071256718229,0.012046703698277242,0.0,0.009998713002431523,0.0,0.006483263270305045,0.001200295347943043,0.0,0.0,0.0,0.022453016004096757,0.015789978520306332,0.14664721507776213,0.038353030348388197,0.22174328564982235
0.026591146101826363,0.1580214393274316,0.0058846576931559005,0.16989975979112287,0.07400521177928773,0.011953730188811277,0.010109029794024348,0.020248402041228557,0.013062909990087681,0.006347680263221902,0.008583402165563957,0.00829852063054456,0.0037024381440861447,0.008722700849224035,0.011417482809711086,0.0,0.010953555362089381,0.0,0.006645225584246109,0.0011888625899202612,0.0,0.0,0.0,0.022845265031543972,0.015744042292239236,0.14637527271696402,0.037469555434863265,0.22192970941880574
0.02608490181984017,0.15605511251603774,0.00613058638140071,0.16902334084006237,0.07404716111841136,0.012793958964923505,0.01024063917100348,0.021378419910933623,0.012917136577589342,0.005682782510027149,0.008612430411235304,0.007909547341264327,0.003080550969181717,0.008514196029157853,0.010517133059835888,0.0,0.010159010450895076,0.0,0.006684780497958129,0.0012017706637658509,0.0,0.0,0.0,0.022697830999132935,0.015614282145369082,0.14749868483937684,0.03913355394818601,0.22402218883441155
0.026266537699735765,0.1548584603025688,0.006040792682888744,0.1706815105404208,0.07216785837251372,0.01151010446365657,0.01092474975919271,0.02087739667240398,0.013117442878318087,0.00546692046681516,0.008709117941480403,0.00789424498617047,0.003441318847200503,0.008665684664783332,0.01107332671024254,0.0,0.010897596428567836,0.0,0.006480156033936017,0.0011552494045998668,0.0,0.0,0.0,0.02285684094770561,0.01549394793852606,0.14459009671406398,0.039065102449322424,0.22776554309488667
0.026390261291215394,0.15512468372314858,0.0058980060822724,0.17025814405234968,0.07359076009551978,0.012359832150588185,0.01101468256614131,0.02118933517613,0.013420201908184964,0.0063691025172691405,0.008008934478813618,0.008078366426880573,0.0034032543611632127,0.008346385740937799,0.010584695266491657,0.0,0.010596776061025139,0.0,0.006337452423048997,0.0011690063012280158,0.0,0.0,0.0,0.023259884761885233,0.014873139747576042,0.14739936574101825,0.03757366823202073,0.22475406089509137
0.025176436096860273,0.16004946809692444,0.005780478278317545,0.16758788912591327,0.07406396665073638,0.011975149496952185,0.009877159737261023,0.021063783048227598,0.0129780536221285,0.005968541014037434,0.008996362347922181,0.008370984077946966,0.003345773076778749,0.008404111374501724,0.010979701932924989,0.0,0.010770055128094808,0.0,0.006947245722006173,0.0012300813282628087,0.0,0.0,0.0,0.02318200509509129,0.015379992705110906,0.14792164150723475,0.038425122936570175,0.22152599760019584
0.026133408804355163,0.15704541322087218,0.005830166056672542,0.16979236399008318,0.07384259050389744,0.012896533412464311,0.01051964165936047,0.019992025654488897,0.012092655232522048,0.006426607294070094,0.008578212971780347,0.008431942217628512,0.0031728761235613272,0.008923867425201687,0.010954720807102324,0.0,0.010760892590540552,0.0,0.006312845694654516,0.001195527613665964,0.0,0.0,0.0,0.022188581636031546,0.014961819382562257,0.14712315440505214,0.039487701340265496,0.223336451963167
0.025904417928195957,0.1592441833477512,0.006463228303798268,0.1685893779852879,0.07061695923720565,0.012336210940953277,0.010842856317131059,0.02139096028199251,0.013269320892659137,0.00604931409321362,0.00859841057765821,0.008482362449112728,0.003221992665809037,0.008217883083210625,0.011274747011276412,0.0,0.011148355734616039,0.0,0.006544032012287688,0.0012460293964936986,0.0,0.0,0.0,0.022604147892822706,0.014780978793577704,0.14519854117368705,0.038714722829171364,0.22526096705208812
0.02572447194199757,0.15625440062040635,0.00657802945793944,0.1672508052995148,0.07475109995553565,0.012221344371149512,0.010565002207216869,0.0205378393517843,0.012737660303672923,0.005798855193119172,0.008116324698461031,0.008791472665630125,0.003138922759765195,0.007879372714562786,0.011311727585117493,0.0,0.010300952158171924,0.0,0.007035346388970741,0.001105501915773938,0.0,0.0,0.0,0.02310417884019392,0.015786838215778483,0.14653601529296972,0.037826674730796615,0.22664716333147145
0.026260814317918747,0.15815455078161597,0.006173291650928543,0.16883176012808165,0.0726580317344346,0.011842950436754455,0.010569441327703915,0.021720097283727535,0.01348161643628792,0.0061551680224281105,0.008520476186882795,0.008137272991391461,0.0033892901867394903,0.008633977605190279,0.011375149719489814,0.0,0.01000530610275555,0.0,0.006635475966909938,0.001326899802785389,0.0,0.0,0.0,0.02276239305444344,0.015262195117792832,0.1478809836841634,0.039063258537018086,0.22115959892455614
0.02689337887774612,0.1607381930684584,0.005753024968109982,0.16839178555525555,0.07453984648103275,0.012602482994319843,0.0099718135480223,0.020522602463184235,0.013033249861998566,0.005948064388506713,0.008541112641993738,0.008079307741254586,0.00333968908276444,0.00840275106420616,0.011540878600773193,0.0,0.010356721118137041,0.0,0.006676245257528831,0.0011779280616435763,0.0,0.0,0.0,0.02331673572463594,0.0153879425342613,0.1466123485692668,0.03830141787441589,0.2198724795224841
0.026274450081436397,0.16136477572319988,0.00619761803657538,0.16959440677890733,0.07169327162586987,0.012129117248884063,0.010106234629024113,0.020623998247426712,0.012901284585106521,0.00604190777717553,0.007932725778736155,0.00827165649324543,0.003265247049694344,0.008328639166844383,0.010455964182844012,0.0,0.01018696690380868,0.0,0.006483530023374944,0.001047966929697057,0.0,0.0,0.0,0.02232077615101016,0.015865089753127,0.14480464510716345,0.03800466672890801,0.22610506099794064
0.026120843483908373,0.15772974658373595,0.006202111598331992,0.16778966360931288,0.07444785970399197,0.011507132671547446,0.010217396830228667,0.02130938467407809,0.012890660762796127,0.005879095430440269,0.008979452655366774,0.008223237136109004,0.0035691409261680747,0.008568267314792146,0.010927344451807427,0.0,0.01043053769933514,0.0,0.00667157276193234,0.001225184816856803,0.0,0.0,0.0,0.022151361952184655,0.016594080995063206,0.1458948310739036,0.037205505681879275,0.2254655871862298
0.02608401072895008,0.15818560562077327,0.005675587582995447,0.1685563249393212,0.0740902445906825,0.012371984883100887,0.010276894123190867,0.020339840471934243,0.013259589317157492,0.00632939581988889,0.009312880944907813,0.007796193732362744,0.003237677786134515,0.008855157412768683,0.01171584753714321,0.0,0.010776540619318683,0.0,0.00627542226687138,0.001197423541361714,0.0,0.0,0.0,0.02154807897134558,0.015011885314847467,0.1472990737545105,0.03906397219153157,0.2227403678489012
0.02616091784290021,0.15626723853748167,0.006141565084324046,0.17017851788564275,0.07266085564382475,0.0123106184920006,0.010395347532143667,0.021574941137604532,0.013235846990451525,0.006506059822521756,0.008553902135706332,0.008446285318215894,0.0030417143981517256,0.008679843943058513,0.011928854272811219,0.0,0.010825101081757472,0.0,0.006519348278203893,0.0012341698400786074,0.0,0.0,0.0,0.02247895852542059,0.015291863295527239,0.14690176352344764,0.03825810043286304,0.22240818598586237
0.0263531888726942,0.1573142756980897,0.005947921844434182,0.16882670807864708,0.07329970936820182,0.012981861076106563,0.010246390852345,0.02042462397625141,0.012447845168671551,0.006658702871782217,0.008730708259507442,0.008239934666394886,0.003218562655533639,0.008635132551079458,0.011811899930021073,0.0,0.010385642148700065,0.0,0.006619883117589193,0.0012134758724789707,0.0,0.0,0.0,0.02280379808078256,0.0159266780397961,0.14674540498154284,0.03980465424607964,0.22136299764327044
0.027176784180450265,0.15955490084575297,0.00612008935274853,0.16835887508513198,0.07444343185563972,0.012259702209129808,0.01024547678056458,0.0208111377674198,0.012957042200188087,0.0059859491755498585,0.008006316134268478,0.007725195106232147,0.0034477847929322908,0.008269369522104119,0.012035608958398775,0.0,0.010548544303643716,0.0,0.006680155473254276,0.001251614862529743,0.0,0.0,0.0,0.02175952529458195,0.01512188400659408,0.14446081210317957,0.03759839754615914,0.22518140244354617
0.025270638624899172,0.15862117053712305,0.006349660004187836,0.16817065700970837,0.07344389646954586,0.012714490385629459,0.0104072578548807,0.020259897287442773,0.013211880043628072,0.006153604749882205,0.007835156140398338,0.008440039300671373,0.0035564907531860533,0.008506496584504655,0.010810248796837955,0.0,0.009975884390533072,0.0,0.006387880360286043,0.0011697459247741603,0.0,0.0,0.0,0.023836488079946167,0.015633536903081106,0.14680483785621273,0.038411676078350984,0.22402836586428992
0.02672982905126813,0.1567647168448731,0.00590406999412945,0.1681913963809235,0.0728785275298238,0.012321677164825812,0.010083951266791815,0.020421661756427508,0.012733077094796263,0.005804077048850177,0.007773010627211145,0.008316084985227273,0.003477731056000793,0.00841228123280131,0.011409778339622801,0.0,0.010076665343993976,0.0,0.006837481564087093,0.0011671692476421288,0.0,0.0,0.0,0.022981554472120042,0.01591261399124117,0.14701116068688197,0.039045745654159233,0.2257457386663015
0.02662806531452449,0.154486919071786,0.005842309797929204,0.17000143769984152,0.07089832771443244,0.01221497362337218,0.010089141581736127,0.02041982844227828,0.013822972133701877,0.005603914240327561,0.008716837969791065,0.008203128961170581,0.0034245359415426787,0.008700834168918025,0.010701479156132756,0.0,0.01105675834232922,0.0,0.0069444983344161704,0.0012658098096071846,0.0,0.0,0.0,0.022612962998966753,0.015943403677820555,0.14801597358397964,0.03859743232869263,0.22580845510670308
0.027196159237447247,0.15829261110085419,0.006120078448696364,0.16938940089996413,0.07495836633553087,0.012777736128109386,0.0105316979223481,0.02072380903214993,0.013296879102395163,0.0059518055962681695,0.008085912446323945,0.008437591705154212,0.0033375365734630833,0.008645913514860982,0.009878103187472186,0.0,0.010424258887780674,0.0,0.006528945386509455,0.0010546587172477304,0.0,0.0,0.0,0.022375187029310448,0.014994423321220949,0.1460328053294926,0.03774376290364368,0.2232223571937566
0.026184607261965885,0.15467425021416742,0.005844998005510116,0.16962366759011238,0.07379145152155261,0.011759262217757272,0.010947462914087058,0.02076835546569944,0.012719164755892404,0.006649021210326492,0.009090811546865533,0.00840634381427781,0.003543699924215225,0.00885222844378563,0.011293701963266909,0.0,0.010483896014420731,0.0,0.006744868818090924,0.0010133292261781566,0.0,0.0,0.0,0.02272693343247213,0.01524320321578936,0.1469331154709807,0.03905993901463538,0.22364568795795048
0.026312641780405117,0.15458988494206288,0.005837239148966884,0.17235263703985743,0.0732152733475405,0.012442987285552758,0.009887606978396442,0.020914272804142722,0.013132160790710282,0.006491156925302737,0.008537955454111935,0.007832213226042488,0.003510720753760476,0.008256040181661454,0.011781040029777558,0.0,0.010682350858683473,0.0,0.00612675929037096,0.0011020990952984907,0.0,0.0,0.0,0.022064659442978394,0.015390226535397178,0.14660827871986776,0.039238020386097486,0.2236937749830147
0.025838695282634733,0.15773478393080703,0.005644073373081561,0.16815774590667182,0.07400125253191678,0.012002841324676142,0.01074666159321794,0.020385949354538992,0.01361615474570482,0.006118276106464661,0.008352312225246059,0.007723785876314363,0.0033955498199390783,0.008296054542407094,0.01150059106908594,0.0,0.010312201404349273,0.0,0.006906152506860709,0.0011296335395968053,0.0,0.0,0.0,0.022420372213364154,0.014973383899746784,0.14656923805363428,0.038695425934327836,0.22547886476541312
0.026122210425100184,0.15685859172144223,0.005981055899114618,0.16977788672719957,0.0724395593170971,0.012569754750115809,0.010423644009041295,0.020866979360906125,0.01319294544598681,0.006281371656187744,0.008614235605036739,0.007800300322979459,0.0035447885151927592,0.008536204039855127,0.010495236048488852,0.0,0.010431927619669469,0.0,0.006660348996468117,0.0014275369287345744,0.0,0.0,0.0,0.02240026267908107,0.01587963108600558,0.14553024078751678,0.03961772593188525,0.22454756212689472
0.02612110504939031,0.15985229825398167,0.006162414302109722,0.1659803611364143,0.07362802019903777,0.011271211757815858,0.010158052148973334,0.021615540113561555,0.01261876714807914,0.0063265215865456245,0.00852045350431194,0.0081304583753028,0.0031357238295964458,0.00848742727762333,0.011264246837562403,0.0,0.010667276055840214,0.0,0.00657495404942587,0.0011762700853892014,0.0,0.0,0.0,0.02265299050825098,0.014886902231739763,0.14825425506137124,0.038856215846404224,0.22365853464127236
0.0264655806306689,0.15668379728857457,0.005738886395116406,0.16946907388997273,0.07292735481402905,0.012017050506253702,0.010536198400330394,0.020099283026596314,0.012502489966406396,0.005495002029597227,0.00841472373073333,0.008381959588122738,0.003261181908670045,0.008876925204010223,0.011570802265227132,0.0,0.010452950635417683,0.0,0.006596350549386643,0.0012209050796132682,0.0,0.0,0.0,0.023147713239562308,0.014930181997245901,0.1461578712925631,0.03924656439397128,0.2258071531679307
0.026120666389553925,0.15442061226980702,0.006099019755003992,0.16805505772459697,0.07451250327664871,0.012914818526966004,0.010811206828217587,0.020703675819143914,0.012340657564228374,0.006126924232288747,0.008307854536418826,0.0080496514107368,0.003490413776008857,0.008435278443687884,0.01154133307718555,0.0,0.010315136237561,0.0,0.00651559973678637,0.001269007000490476,0.0,0.0,0.0,0.022706173483668667,0.014930859095125338,0.1486244685176525,0.03928204558926833,0.22442703670895411
0.02630021642263856,0.1539873977285659,0.006236321740272035,0.1692911440739969,0.07180793865298095,0.011935182008481997,0.010673054543496405,0.020540334122669257,0.012904111026861027,0.00595919012807322,0.008648957111068629,0.00809591145804583,0.0037354075499520015,0.008159952305749629,0.01139366126401229,0.0,0.010586550878977022,0.0,0.006379337248621425,0.0010727898554349722,0.0,0.0,0.0,0.02184511414703569,0.016116982876176317,0.14890923264046163,0.03790594045514447,0.2275152717612839
0.024815138602498128,0.1580222225658619,0.005635904228007673,0.1684803941073,0.07224822150218617,0.012042262842230096,0.010326123099623583,0.0210462864430621,0.013243152521011126,0.006066995282257772,0.008729851218653321,0.008522165499100984,0.0033403110503621635,0.008451873016652508,0.011860075601212319,0.0,0.010752187688148413,0.0,0.006335599494435029,0.0011976843158637582,0.0,0.0,0.0,0.022580104662594212,0.014941320938457214,0.14678851536113963,0.03818206842881382,0.22639154153052812
0.026923662961550264,0.15633194867820882,0.005709981305481277,0.17215250827599063,0.0732046777716175,0.012319900897980896,0.010003529427624312,0.020924926729163087,0.013056634907246229,0.006011558484213998,0.00802075552935735,0.008096289127478163,0.003013335673328032,0.008340154906642224,0.011845436260440479,0.0,0.010125582079105671,0.0,0.006319251460228324,0.0011429968767313209,0.0,0.0,0.0,0.02310598185792031,0.01510501274493401,0.14656273163233244,0.03861390737233953,0.22306923504008513
0.026433491307195738,0.1572927599027394,0.006541740947661816,0.1691283257922545,0.07309339777116483,0.012590652149748244,0.0105275959635559,0.02043709780140771,0.012350234144502922,0.006478764435580417,0.008903087479933274,0.008330249223729203,0.0032548230869964673,0.008502935520067954,0.011153559932576974,0.0,0.010565785656867291,0.0,0.006615197505299477,0.0011703014091304427,0.0,0.0,0.0,0.022822387734631928,0.01540202273355509,0.1454476152908917,0.03943036241642676,0.223527611794082
0.026043258783901548,0.1595249897553241,0.005737570565301291,0.17157660993847418,0.07499892051844617,0.012242105643264039,0.010271880106147746,0.020502221144329487,0.012510993199746124,0.0061840315312788946,0.008122568434515996,0.008084000059320619,0.0037257219403539917,0.008288686820454418,0.010192233833288426,0.0,0.010582892127965916,0.0,0.006544303050962314,0.0012870352052009161,0.0,0.0,0.0,0.022189099763176907,0.015438989470404988,0.14648627943902964,0.03749990987900145,0.2219656987901109
0.02551975477935403,0.1600627183966546,0.006403282664882661,0.16704705463930586,0.07391546558131026,0.01258675798115158,0.010580108325809915,0.02132400698850536,0.012913572542868745,0.006038909867539246,0.008203576521586303,0.008239632832630094,0.003582926507049377,0.00837390863642958,0.01091545734463577,0.0,0.010839136774195225,0.0,0.006366372504337929,0.0010762220020724962,0.0,0.0,0.0,0.02220543958314037,0.01563837909661927,0.14371249130084204,0.03931109014928892,0.22514373497979037
0.02676728882283593,0.1548203158834314,0.005909284383942651,0.17018547849446092,0.07392659104572805,0.012881227581320626,0.010252634107494753,0.020977682865845428,0.013436607570358222,0.005831094885477494,0.008162230303167824,0.008038854327242054,0.003411466526291332,0.00809859301255622,0.012103011681721445,0.0,0.010655724962433952,0.0,0.006658774286504354,0.0011631334202152183,0.0,0.0,0.0,0.023080891342121816,0.016581876258313036,0.1447861838471728,0.03818435379269648,0.22408670059866806
0.026727489037079034,0.15426443819196506,0.0061392842217298784,0.17126568952554874,0.07159649711462386,0.011753181493357967,0.01036260990411275,0.02066815863846741,0.012554446000065712,0.00600451187959117,0.008627857052005429,0.008105878401738986,0.003626030643628849,0.00856695799644739,0.011588034185688639,0.0,0.010363230620338983,0.0,0.006417363008172807,0.001183143417445375,0.0,0.0,0.0,0.022314042983364427,0.015502938470274872,0.14655801785034883,0.03801839094333549,0.22779180842066835
0.02540122968158382,0.15749712134713156,0.005984836569660356,0.16989740766002132,0.07154380183935119,0.012354478475746954,0.010526727876523383,0.02013425166703709,0.013061879559427867,0.006332562733433142,0.009189584246474534,0.008516767074588125,0.0035939745077810995,0.008312939858912419,0.01010609094572275,0.0,0.01030454609833385,0.0,0.006550104970646719,0.0011262971522261488,0.0,0.0,0.0,0.022276746945310337,0.01611219224627331,0.14568384990834332,0.039236085017100644,0.2262565236183701
0.026159119832479705,0.16032353643757122,0.005931120128712863,0.16788261705681412,0.07265642795577772,0.011943530657908392,0.010809088742780162,0.020351332853689723,0.01318114146609935,0.006261755323578709,0.008298355180147711,0.00836477920717288,0.00360519458021582,0.008705312877650268,0.010991060243913137,0.0,0.01083875442196571,0.0,0.006139100370074384,0.001124191673877604,0.0,0.0,0.0,0.021485019718351615,0.015547055435975909,0.14767308130877488,0.03860888016047636,0.22311954436599177
0.02772812839297333,0.15654368548575934,0.0059527572317920555,0.166325015906943,0.07655890017643438,0.011577597752217866,0.010360832769180327,0.020802108657822685,0.012798980604547896,0.005782895573393636,0.007838949771477276,0.008208129615271821,0.0031883020882219138,0.008581131976332751,0.012351733176379491,0.0,0.01068602337891837,0.0,0.006096289485260125,0.0012617427248335443,0.0,0.0,0.0,0.02238339608040723,0.015465165490888921,0.14538001242785528,0.03811262375765411,0.22601559747543462
0.026329399361887596,0.1584244005443945,0.006261033735909369,0.1675613589527161,0.073238673833897,0.012044908178995629,0.010778423415339446,0.02089765489752115,0.012385897097146482,0.006261764913074804,0.00897306638483085,0.00834782849700275,0.003250523657051018,0.008613341254248045,0.0114676740652201,0.0,0.010069181401843255,0.0,0.006374061660473497,0.0010182604530104568,0.0,0.0,0.0,0.02344751146352355,0.016148016416863725,0.144572152223705,0.03927540287166661,0.22425946471967909
0.02661395351303955,0.15513317931371623,0.0057857306189804435,0.17019528403209988,0.07317753830307486,0.012923393778509934,0.010625879709507737,0.020874314425234596,0.012819494784267235,0.006239057658734056,0.008800563442709419,0.00868377124413904,0.0032050601008585785,0.008621325988642754,0.010549349440317086,0.0,0.010166538185977573,0.0,0.0064157768355764646,0.001465988723292976,0.0,0.0,0.0,0.02248305925818414,0.01512296574015455,0.14645801881333725,0.038420789517995456,0.22521896657165028
0.026822590115886773,0.1577897492292492,0.006364507929129348,0.1680471796999467,0.07419831732094684,0.012733191101547924,0.01089140884375574,0.020781975504414914,0.013208304231258048,0.005954688340743941,0.0080427849311714,0.008381994526413725,0.003312044074757716,0.008668675648853773,0.011172465569769863,0.0,0.010821100095601555,0.0,0.006446702418514999,0.001251307721794753,0.0,0.0,0.0,0.022864324929315914,0.015295014914754457,0.1458089723651494,0.03865110330789738,0.22249159717912564
0.02587528024970228,0.15239137070386877,0.00604743252504564,0.17241232458467293,0.0743594721466008,0.012549112369030311,0.010576840761821492,0.020601770504162294,0.012729473035977495,0.006000168017485384,0.008351914393545138,0.007756374219829292,0.0036513490505317254,0.007739244667285328,0.01078724689122926,0.0,0.01059437602915361,0.0,0.00674235259046668,0.0013545215243993824,0.0,0.0,0.0,0.02247509284757882,0.014676883576193716,0.14933821950526327,0.0377400345659357,0.22524914524022083
0.027008919343764197,0.1562647184451847,0.006277198311722182,0.16980339683996867,0.07359808763441826,0.012303643382588573,0.010196296622465881,0.020873114377782765,0.012971464966646095,0.0065091402290252285,0.008231644793184986,0.008266067903500903,0.004006090561275249,0.008631225980889274,0.011513757424214833,0.0,0.009948354642272506,0.0,0.006383108683260484,0.0011109426817496684,0.0,0.0,0.0,0.02288607509937775,0.015928464704508496,0.14347805482287126,0.03933230124056965,0.22447793130875843
0.026422524473438996,0.15580901490598784,0.005106047295967269,0.17211986730794848,0.07210588923294682,0.012849404133343113,0.010365531223927442,0.02053194865361324,0.013424881502593322,0.006413852306132282,0.008731481668888463,0.008067467859757779,0.0033641602272217186,0.008420356675408674,0.011473642593465918,0.0,0.010318900726330741,0.0,0.006336875763896316,0.0011950983500424858,0.0,0.0,0.0,0.023071995326666535,0.015006471772847904,0.14768465804875003,0.03863576589581967,0.222544164055005
0.02657051717655769,0.15888205937745326,0.005779748047621544,0.16904176370958485,0.07284509084767772,0.012102734484887277,0.01019789256956238,0.0201236931650012,0.012665458019477105,0.006228974133207386,0.007884034790078136,0.008044556704933377,0.0033188097995485257,0.008887336945522992,0.011498225262590159,0.0,0.00985547752856196,0.0,0.006469934686750031,0.001207753828930883,0.0,0.0,0.0,0.02192677831902355,0.01577704286189139,0.14353644462928955,0.03906772212119425,0.22808795099065488
0.02599954996365932,0.15937804627274557,0.006500854552727313,0.16811967207255485,0.07206887327165934,0.011950261502310327,0.010347378461926552,0.020553919644054935,0.012119248147676114,0.006054281495690719,0.00841391830995433,0.007770166594406561,0.003085516977688094,0.008715908484505236,0.011784942178400402,0.0,0.010577786688302627,0.0,0.006986571938132691,0.001054849974740137,0.0,0.0,0.0,0.022292814288704395,0.01583522222943702,0.14483298508372713,0.037975042515813656,0.22758218935118274
0.024548552505713517,0.15982733932229384,0.006217516117313139,0.1692114156448373,0.07246007525231421,0.012192253455608527,0.01035815951171066,0.020712396145490843,0.012398637284414775,0.0064600892849576265,0.008302483521742277,0.007513983034824706,0.0035218605670018347,0.008593496633494882,0.011175969875622914,0.0,0.00994337186770119,0.0,0.00652921193020137,0.0011043048340419082,0.0,0.0,0.0,0.0227000509189434,0.014705480988458747,0.14857956456359106,0.03733953653073338,0.22560425020898794
0.027170333512326235,0.15557360787888444,0.005735920605382848,0.17032023154477033,0.07347887319502758,0.012459028148261851,0.01065631151956915,0.020239346868194293,0.012930387582304543,0.006593513005985806,0.00816390435124948,0.00801467451063324,0.003405654381665314,0.008321616735069592,0.010479342358908206,0.0,0.01068285711108977,0.0,0.006630838026365422,0.0013164856734508615,0.0,0.0,0.0,0.022605081905643705,0.015312098610854608,0.14487232347906331,0.03867624277085877,0.2263613262244407
0.025299344417274754,0.15570017252888946,0.006003869853868018,0.17196743166405898,0.07370901160171535,0.012529642477011205,0.010108999538020962,0.021438402283449932,0.012891037353525753,0.0065665232086044075,0.008364886773202431,0.008082624938242003,0.003435266487606562,0.008521237798092541,0.01128400177612664,0.0,0.009861239526054834,0.0,0.0066149526410551026,0.0011532160063276661,0.0,0.0,0.0,0.022217965415114952,0.015652313090200466,0.14555730985968868,0.038254828085306815,0.22478572267656252
0.025959537608508814,0.16081585477140628,0.006319539735765297,0.16880230745421115,0.0712827033424772,0.01249565160136917,0.010394033220700398,0.02003041103330661,0.012483177875059107,0.0062474178599262655,0.007976556249325077,0.00844164375331211,0.0033622414872619757,0.007844657570530036,0.0117420296898535,0.0,0.01069217157793576,0.0,0.00682232874094658,0.0013041127637800365,0.0,0.0,0.0,0.022221902833260046,0.015145636675146923,0.1473559677348528,0.03880953123464055,0.2234505851864243
0.026434448375928298,0.15743963024435575,0.006571685169212453,0.1700748356158147,0.07186260139300518,0.01217124193780345,0.010300406185291208,0.02017712306538765,0.012605323572418356,0.006381025028525368,0.008334044237525866,0.008202345729642032,0.003435462922741251,0.008449620554222274,0.011657996491705215,0.0,0.00988183948300835,0.0,0.00656594283690604,0.001232075373430264,0.0,0.0,0.0,0.022447772009783554,0.015092988704349428,0.14585898381981816,0.03829161553429182,0.22653099171483335
0.027101533746257657,0.15862325428146823,0.005949990966960083,0.16664956560286684,0.07396681469938601,0.011957778021988196,0.010382246015235883,0.02025759595945501,0.012768099225135174,0.006325734318866742,0.007996189971737887,0.008374528470080606,0.003219985878473817,0.00860693923483626,0.011473296953123421,0.0,0.010526817771595998,0.0,0.006524858458436177,0.0012275595579924457,0.0,0.0,0.0,0.022140554314210532,0.01599415056622816,0.148356262086737,0.03799184564465828,0.2235843982542695
0.02644435347794123,0.15674042792063297,0.005821241279623792,0.17081064130559637,0.07459466849348469,0.0117664646140088,0.010557301904278109,0.02119922031812801,0.013170797359481198,0.005725601077813995,0.008783161837208554,0.008031720341314027,0.0035277176346468634,0.00840159926469034,0.011709221994094673,0.0,0.009971017581105333,0.0,0.006030782257167852,0.0011628013715439156,0.0,0.0,0.0,0.023767907843291622,0.01596399003080649,0.14365599366601792,0.03680622162523757,0.2253571468018857
0.026428377661408226,0.1553033859105201,0.0060012001858485665,0.17084532874147926,0.07475039951485807,0.011694294952834342,0.01039605099033275,0.021346013313956073,0.013250074382112894,0.006251285290050687,0.008014593913218472,0.00825140448176997,0.00343822046357398,0.008447878533205081,0.010397694917109289,0.0,0.01002906525969281,0.0,0.0063065443725326565,0.0011759848347728588,0.0,0.0,0.0,0.022936676763082142,0.015545174856163801,0.14492365012599875,0.03835424405451325,0.22591245648096608
0.026463535833101032,0.15901365283645422,0.006000113508145522,0.16979123790708858,0.07326007276399091,0.011912268652204589,0.010635667058047544,0.019828465191569736,0.012546575690973342,0.005774088811584516,0.008357026728739534,0.008048316198152104,0.0034962358207960135,0.008646944846925833,0.011107177295993352,0.0,0.010360020531947975,0.0,0.00661421075680772,0.001114345964252097,0.0,0.0,0.0,0.022910336342985855,0.01580111153599483,0.14626078896355135,0.03820159928138456,0.22385620747930882
0.024873954950178318,0.1581187427115654,0.006065311673521983,0.16835595047356855,0.0734534679390779,0.011890817852456902,0.009787454447663293,0.020818616574873383,0.012755968518583974,0.00619591341985969,0.008594863701630564,0.00805110777079485,0.003580440670356004,0.00861352974850958,0.012127066619960169,0.0,0.010837012784836312,0.0,0.006088799347697188,0.0011666285562328563,0.0,0.0,0.0,0.022326801361780824,0.01592963956175386,0.14748071939441124,0.039322994024309596,0.22356419789637766
0.025960449406362763,0.1567113230707804,0.005670927592848154,0.1695969408234309,0.07279639937478186,0.011808015488079181,0.010347730096230207,0.020777107549234942,0.013201049336835502,0.00618175593091228,0.009100376317957352,0.008727692327989842,0.0036455608412411717,0.007812608655576862,0.01148227321567354,0.0,0.011016787188320654,0.0,0.006631694128984759,0.0010556807353795752,0.0,0.0,0.0,0.022682053411189108,0.01595413637675692,0.14501448793140406,0.0379801913358873,0.2258447588641427
0.027318538296043103,0.15670745621337728,0.006108946408256195,0.16792186731191394,0.07321819504958195,0.011345536615618958,0.010709039572577945,0.02043846208185956,0.012862044369359171,0.006770097069666347,0.008808507219498702,0.008041024487006613,0.0030587097168244862,0.008453482339135196,0.011594162623872856,0.0,0.010604476331411273,0.0,0.006876956417807602,0.0010312798752094019,0.0,0.0,0.0,0.022510197943692543,0.01623250594284869,0.14645548962896035,0.0380817522301608,0.224851272255317
0.026564411964300864,0.15982721617917753,0.006269045838157983,0.1681693896600201,0.07406564457828954,0.01200248238847545,0.009835498522143642,0.021053951948856477,0.013273123537236494,0.0062773009756456975,0.0086766027639389,0.008026465189583911,0.0036955946792921308,0.008470613996089333,0.010743018899894888,0.0,0.010427397549113763,0.0,0.0067880918817525655,0.0010216635899733713,0.0,0.0,0.0,0.022200286526354366,0.014831756673995208,0.14538494465907922,0.03772878043598693,0.2246667175626417
0.026823708798972397,0.15641314883560928,0.006072702942883241,0.1690988850355112,0.07517456622196073,0.012378319453242019,0.010382690059624305,0.02171513158682773,0.013080672731385867,0.006053632201101832,0.008989677822787185,0.008175373963688623,0.0036882602209791044,0.008955546174520828,0.01082376935996307,0.0,0.01035289886640566,0.0,0.006283028133676806,0.0011030935919018078,0.0,0.0,0.0,0.02238079915060679,0.015277188446021142,0.14468218028885305,0.038672005998723044,0.22342272011475423
0.02634304863770806,0.1559038181777307,0.006113911782541634,0.1717869357627718,0.07235956929529512,0.012833210825112467,0.010461930500404025,0.01975444915552959,0.013664572033530406,0.005706362758647958,0.008343334969428042,0.008279970557217499,0.0037917461980625277,0.00857364321166241,0.011952328720320649,0.0,0.010411760453041805,0.0,0.0063546933637503075,0.0010931621204977593,0.0,0.0,0.0,0.021997607065940065,0.016130949838204997,0.14756859734192931,0.037792809689465676,0.22278158754120714
0.025631564153712094,0.155822435738464,0.006224946507961106,0.16765852670656295,0.07477554787271554,0.012849203544554776,0.010762387093991457,0.020275494198948613,0.012892735498320212,0.006348720318047336,0.008795522128032843,0.007949828978114205,0.003465492112134766,0.008408044568166826,0.010490275897976098,0.0,0.010475870284933391,0.0,0.006737416899766237,0.0011648736706209126,0.0,0.0,0.0,0.02279403021023036,0.015785337256926858,0.14634804318336034,0.03985200631779294,0.22449169685866616
0.025150980866487586,0.15860475555224735,0.005821175622725002,0.17017849438332128,0.07309745252049185,0.01254992291527104,0.010239857053554496,0.0202747006033721,0.013004921713416226,0.005912786677893008,0.008142306217196468,0.00841769341880268,0.003430893277428554,0.00853130695148702,0.011454661639808083,0.0,0.010061599927913173,0.0,0.0066787683134944984,0.0013050746528617582,0.0,0.0,0.0,0.022729234888772924,0.016043555373910848,0.14534221882511672,0.038799418416361246,0.2242282201880661
0.027205136550997024,0.15745370348354973,0.005939320192970374,0.16908788065515865,0.07349398106164037,0.012462733103678457,0.01025922893132369,0.02077017253200129,0.012272520625728927,0.006540923794105967,0.007992862899619976,0.008301990471969434,0.0037171313651573877,0.008382387330232196,0.010698202989657698,0.0,0.011179466367559279,0.0,0.00642015648851888,0.001130781855301081,0.0,0.0,0.0,0.022778302061094557,0.015356958310584201,0.14584896510716855,0.03840811109613872,0.2242990827258436
0.026002243705069494,0.16067075711974343,0.006378571136390026,0.16662552585787335,0.07387392058818268,0.01172031024598125,0.010357272527541749,0.020424690646987136,0.013168651355100267,0.006308119408438641,0.008501316933589801,0.008065834733267545,0.0033376689685965027,0.008480708134208936,0.011010763512580835,0.0,0.010869563053085032,0.0,0.006641071170884701,0.0013137499551918173,0.0,0.0,0.0,0.023045821673379385,0.015196653042986012,0.14571767852981674,0.038680901042347594,0.2236082066587571
0.026834682915121217,0.15540039976071146,0.006199762302223735,0.16901333230348906,0.07328598786895682,0.01258883836380276,0.010295170279516066,0.020709227199809114,0.013579970680408737,0.006274513339384604,0.008335928314013915,0.00814990750980854,0.003970485686000298,0.009026307429340501,0.01174434869372983,0.0,0.010403898856307995,0.0,0.006448979877586818,0.0012111535394319429,0.0,0.0,0.0,0.023096184938641493,0.015548274120455771,0.14586968695650673,0.03867338790346256,0.22333957116129008
0.027444687231534638,0.15726408717220924,0.00611797850805081,0.16826985914682216,0.07179167303571707,0.012350025559728672,0.010565664412556486,0.0209901603054171,0.012307100168914162,0.00612508660237753,0.008611278647443354,0.008515456357596065,0.003244476955453491,0.008073455948527927,0.011228443507275813,0.0,0.01034844140748342,0.0,0.006586260236758448,0.0013085972914717403,0.0,0.0,0.0,0.022913332902372165,0.015030776357803196,0.1483278091185946,0.03891578405378415,0.22366956507210772
0.02686392975432303,0.1592734057286107,0.005982123649679387,0.170221872387486,0.07313683139060272,0.012860956924042289,0.010406185830255946,0.020177142121365423,0.012774395183215572,0.006385685742384848,0.00802783606413238,0.007919021908660364,0.003761865425634911,0.008658479481425686,0.011108639939547225,0.0,0.010991715583329764,0.0,0.006704522351177007,0.0012210422426455802,0.0,0.0,0.0,0.021956096324485395,0.015328163957628807,0.1456490372210754,0.03794657695542758,0.22264447383286404
0.02603972719999666,0.15914734946594905,0.005622467516088239,0.16917847986823212,0.07229531279028148,0.012542497388882199,0.010472406962686713,0.021565242475677072,0.013255415720147842,0.006194068580943773,0.008313232618130507,0.007909501172440037,0.0033356368919950593,0.008319722286288895,0.01113120757475099,0.0,0.010741953316591194,0.0,0.006287188742230242,0.0011901671088030191,0.0,0.0,0.0,0.02223424661990787,0.01536440855432733,0.14768623338759326,0.037698971736806336,0.2234745620212501
0.02658514774581001,0.15756697788304413,0.005796227764699289,0.1704143718821952,0.07472430967561584,0.012747723387479643,0.01024088502704327,0.02049289373743291,0.012662264054813858,0.005749916891675238,0.008373961085818206,0.008285729128610104,0.0034471202670885047,0.007877882593123142,0.010778458272101074,0.0,0.009706548163162448,0.0,0.006361867106202937,0.0011064429300994508,0.0,0.0,0.0,0.02272203683765276,0.015187107537861257,0.14796387031122044,0.03798940904212817,0.22321884867512218
0.025610092323223754,0.15620922935530007,0.006139736822757239,0.1685020711608763,0.07288356941022808,0.011680904479169127,0.010178683231251899,0.02072341905705449,0.013311390840064847,0.006159112189870591,0.008646462434128237,0.008129913026533297,0.003541801214839553,0.008401174003007179,0.011538769902338795,0.0,0.01104322271113632,0.0,0.00663461540019136,0.0012178220207453598,0.0,0.0,0.0,0.02242366017432918,0.015770743611077487,0.14822588945154608,0.03932915125276546,0.22369856592756535
0.02588232309084724,0.15916633977607691,0.005984049960117906,0.16963650805836306,0.07304701337968066,0.011643948522529432,0.010055835689622145,0.02098726517904367,0.013229888819387936,0.006211374091870961,0.007868027668630762,0.007703256681240509,0.0032896604625144306,0.008398323753358165,0.010876178841735923,0.0,0.010987354321360355,0.0,0.006823655244114375,0.0013818456151055267,0.0,0.0,0.0,0.022922137765723462,0.015431285403456261,0.14480393156355048,0.036846494234428706,0.2268233018772412
0.028109862217970422,0.15791990138788498,0.005750827416138573,0.167128817322673,0.07255985799020973,0.01175032108642957,0.010835366926268656,0.02073832933451358,0.013076865647070118,0.0061427311776417705,0.008395924348416635,0.008189292237416195,0.003496360506763916,0.008287330370868606,0.010975544573295153,0.0,0.0100607836309762,0.0,0.0062512914275916435,0.0012741233555418122,0.0,0.0,0.0,0.022455348437902593,0.015751082299461962,0.1462609327325983,0.03946746832323506,0.2251216372491316
0.025476768639792913,0.15666857734844078,0.0063932097764371225,0.17073851162246031,0.07406314888736693,0.012853321158938252,0.010240043481890358,0.019886270993507267,0.012749701308407496,0.0060171056862634836,0.00875770036395691,0.008168974357029749,0.0035578331714569956,0.008926325778340377,0.011026734412402824,0.0,0.010631638010491702,0.0,0.00618974837548907,0.0011103030753268563,0.0,0.0,0.0,0.02325072547746869,0.015122281902751573,0.1497052912585935,0.037837401542058634,0.22062838337112828
0.027200708667908864,0.15554432207205499,0.00600147828322207,0.16911563413371017,0.07407419358435959,0.0123594339136345,0.010307016171790938,0.02141147148542596,0.013754599870316015,0.006179107886043733,0.00948964642906231,0.008087053933601101,0.003671817244881366,0.008021594463140257,0.01108724270917213,0.0,0.009933577377929631,0.0,0.006252465745294389,0.001201097031873501,0.0,0.0,0.0,0.02363008957392245,0.015872416725953416,0.1446170919372523,0.03797100345755178,0.2242169373018986
0.02555499476875191,0.15806136549519204,0.006355284941324297,0.17068479541281784,0.07371098545681284,0.01251182278146307,0.010232606094262398,0.020847480878459182,0.012677662468986911,0.006721557075229039,0.008506212928777786,0.008053743473416478,0.0034626648012585437,0.00819497504753059,0.01219381109641166,0.0,0.009221262128028205,0.0,0.006422483039551753,0.0011171072995400304,0.0,0.0,0.0,0.02231936342884467,0.01584958753549467,0.14729810066635324,0.03840825227811974,0.22159388090337323
0.024617129129696158,0.1566815142927696,0.006034200557096055,0.1704067704377463,0.07421911829439262,0.012720362718009814,0.010395987163145229,0.020896504676814497,0.013048666350471399,0.006177140758848848,0.008417305471029368,0.008038421633241331,0.0035821379464051027,0.009262881432301605,0.011134189981075635,0.0,0.010804926765940321,0.0,0.006511581831165682,0.0011214508917285612,0.0,0.0,0.0,0.022606099466703798,0.01524005167970222,0.14504765701328143,0.03856239792658507,0.22447350358184934
0.024386798472064673,0.15545915205317315,0.006165534852276426,0.1714026920126715,0.07296754337729847,0.0118134784223313,0.010401958358528456,0.020805886413906134,0.013366343852539805,0.005796020854786212,0.008939471773749888,0.008138459882272802,0.0034677620945044404,0.00801120459513636,0.011996833499011837,0.0,0.010272985866760362,0.0,0.006671360804569805,0.0011827670128570697,0.0,0.0,0.0,0.022784851092292762,0.015389352678644736,0.14779839467257042,0.03728736597370791,0.22549378138434548
0.026697844095100627,0.15718980072976768,0.006274155811597256,0.16713794972245571,0.0737969936139414,0.012239903458690114,0.01032186981660782,0.020317660434069403,0.0124766398045324,0.0061047752164449165,0.008212016138720392,0.00845994455669354,0.0031721287873410194,0.008298337391669634,0.011193165934861493,0.0,0.009974552163314155,0.0,0.006679143803415772,0.0012506719959466171,0.0,0.0,0.0,0.02300756528505884,0.014868166788071064,0.1457786261637491,0.0383746537369624,0.22817343455098876
0.02527516973915859,0.15658072137226203,0.005936507903068039,0.169862557210068,0.07523597492605916,0.012085433381605537,0.010481057240918006,0.020980266962561778,0.012594275174349781,0.006089519643341595,0.008904568612844178,0.008328024898416587,0.0032018494986922946,0.00812449639640376,0.010583165289358808,0.0,0.011236195013227165,0.0,0.006344164097278435,0.0011442624899781306,0.0,0.0,0.0,0.022590592179887646,0.015374177306133274,0.14657424203237054,0.03885586998534544,0.22361690864667133
0.027338548108891282,0.15895997771217482,0.006039170992881305,0.1655762574711595,0.07269564759887442,0.012118032226554082,0.010268526163274536,0.020412689427949122,0.012948133461776678,0.005587961121467018,0.00876324096574777,0.008143739207661801,0.0034574272222700044,0.008348049715547031,0.011367452448466181,0.0,0.010428223245587327,0.0,0.006543882393724344,0.001157354123437471,0.0,0.0,0.0,0.022811040471741477,0.015605892059749979,0.14755475054881959,0.038169606019971034,0.22570439729227326
