Number of Parallel Issues,Number of Prior Comments,Is Cross Projects,Number of Similar Failures,Is Shared Same Emsg,Is Reference,Is Incorporates,Is Blocker,Is Container,Is dependent,Is Supercedes,Is Regression,Is Cloners,Is Required,Is Problem/Incident,Is Dependent,Is Child-Issue,Is Blocked,Is Completes,Is Parent Feature,Is Dependency,Is Issue split,Is Testing,Has Config Files,Has Source Code,Config Lines Deleted,CI Latency
0.05019463847642103,0.21505997740233346,0.021853124094318454,0.15733865134376607,0.03916462036580583,0.0368165875674944,0.010315565980540859,0.017299401705650745,0.0034198215894436896,0.023734809878433346,0.0048484259033852225,0.02345090587309067,0.003717488813343801,0.013619063909485687,0.006604759252502593,0.0011598363213980848,0.001547197082899461,0.0017226979948246914,0.0008766349732858174,0.0,0.0,0.0,0.0,0.02412270343920136,0.02922856728086523,0.03348259622006609,0.2804219245314435
0.04977890842506687,0.2192741048413361,0.021846556712080543,0.15377795434309788,0.03805529424793296,0.03635447893110023,0.010338703108817097,0.01792516197850633,0.003406934815970368,0.02405990708321786,0.004423815818718516,0.023615707208442575,0.004031453744414033,0.013747927704591437,0.006392085985939347,0.001276017160007122,0.00174828222907095,0.0016706157106007122,0.0008101606162398108,0.0,0.0,0.0,0.0,0.023918907833154153,0.02895089700051201,0.033953760789539836,0.2806423637116432
0.05069853130474439,0.2178574491961116,0.021270014389621963,0.15367168298849693,0.04012935233415425,0.037313910335168336,0.010655088655750216,0.01789420843472426,0.0035861983137531993,0.024228412560979025,0.004098942888405382,0.022590525912029275,0.003761368479568413,0.014061938780095647,0.006250830245444964,0.0013276252895896695,0.0019087197908107846,0.0017353956908772387,0.0008212852052245717,0.0,0.0,0.0,0.0,0.023011510510740536,0.02919367923742161,0.033264376008610194,0.28066895344767745
0.0512537191710847,0.2147876590498113,0.021282190853825288,0.1550607262750459,0.03988962806023437,0.03651569382140109,0.010873703125716738,0.017492322171187097,0.003694087456440663,0.023932497189298914,0.0037879669267788484,0.023220384296223272,0.003666288058972259,0.014470802840016875,0.00655596014771632,0.0011532125311622767,0.0018476263539479215,0.0017742311957623519,0.0008697789801577376,0.0,0.0,0.0,0.0,0.024011339763702587,0.02843630870245988,0.03369039829817379,0.28173347473087984
0.05118259017972045,0.2177903805479045,0.02109264547970776,0.15297602357826146,0.038809764962017726,0.036168569432927476,0.010469313206982741,0.016868080409092386,0.0037200843656823254,0.0237266148721293,0.004168664831115295,0.022809646370459576,0.0038594309401634797,0.013468543675506445,0.006656837853239778,0.0012523742101850986,0.0017184036377286317,0.0016711867696964273,0.0010065496884560615,0.0,0.0,0.0,0.0,0.023576646721976832,0.02916989464702995,0.03385170870924946,0.28398604491076695
0.05038850557731127,0.21729263963508433,0.021617354382391506,0.15402750000155754,0.03888284625318901,0.03674911374459568,0.010126284815962788,0.017905292491161816,0.003564949933783774,0.023591834286084745,0.00443238882216306,0.02347964801879975,0.00355672452547882,0.014091743133235999,0.006127575373954531,0.0011685657907517196,0.0019073051128557935,0.0017828180361148427,0.0007405777570261236,0.0,0.0,0.0,0.0,0.023124055652104777,0.02928794389496648,0.03415512702773436,0.2819992057336913
0.05001178740935967,0.21479551411585293,0.021693972991533535,0.15664933651077587,0.03899770343146019,0.0374012299791997,0.01089204249590284,0.017429634523128828,0.003915481250361981,0.02245228674046959,0.004002966133834227,0.022989350314679285,0.003559101555735629,0.014321577398603593,0.006374780563263351,0.0015323432448374427,0.001881424976007362,0.0017084942703354954,0.0007169959314509771,0.0,0.0,0.0,0.0,0.024231521415392022,0.0292345175668261,0.034862971130277795,0.2803449660507117
0.05161543931717524,0.21491819350271033,0.021675417450904795,0.15349937185658646,0.03990521820405097,0.037160197831869926,0.010415988940758309,0.01802524930465838,0.0035630320460980957,0.0242863618428701,0.004366264301424637,0.022761967649034095,0.003880324633447319,0.013908866086583182,0.005979489659350103,0.001352868147486099,0.001885624815340661,0.0016283008373760323,0.0009772433014069329,0.0,0.0,0.0,0.0,0.023708354201156898,0.0297063178481048,0.0337621665742983,0.2810177416473084
0.051763446204068794,0.21538167001926914,0.021359111348192693,0.1567517550237084,0.038945187444632136,0.03675176816628977,0.010438107135421582,0.017279467637270694,0.0033739873616493,0.023351613500895027,0.004670512765261233,0.023136915412413243,0.003868290763486884,0.014082129671546598,0.00679132149305627,0.0012207440952051649,0.001732513904791033,0.0016731187231086345,0.0006752227485875507,0.0,0.0,0.0,0.0,0.024217486316552538,0.027999314597090662,0.03408925831798659,0.2804470573495161
0.051521023081277165,0.21808067333507739,0.02078656332289093,0.15329073314545977,0.03842301189732579,0.036210425613638283,0.010350283035275878,0.018115069097747113,0.0036001837894516615,0.024377078681596914,0.004303023677137535,0.02283917716763458,0.0037008211454498605,0.01408690585451835,0.005961231989478781,0.001281885717212474,0.00176030638117699,0.0016215356318525494,0.0006558070702940616,0.0,0.0,0.0,0.0,0.023917355951119174,0.028241730612538114,0.03461075086232455,0.28226442293952214
0.05006136851697805,0.21925214082225475,0.02091954509857575,0.15662060820526952,0.04007943925887795,0.036750608858497555,0.010654363348070597,0.017428247177065235,0.003718404940420035,0.022812943354714038,0.004656581967245937,0.023428403506425555,0.003297762285215767,0.013847331520219169,0.006647376768960049,0.0012441551416723393,0.0018013648193496532,0.0018522165765911141,0.0007799019318005172,0.0,0.0,0.0,0.0,0.02355913401426226,0.02840142524427113,0.033488232141713,0.27869844450155
0.05013862700771028,0.21658752053556268,0.021047221030678548,0.15373066996325294,0.04044961914006133,0.037095732422884935,0.010623293253317704,0.01789633316437089,0.0034058830401480734,0.023642087128198607,0.004523883970639882,0.02289771574795414,0.003758220110856666,0.014022027450639749,0.006106560774166149,0.0013990246835846637,0.0018267081612979713,0.0016128623799706542,0.0007765271843851353,0.0,0.0,0.0,0.0,0.02379240562230698,0.029139503232418446,0.03367787867890562,0.281849695316688
0.04991415809028729,0.21811444089651072,0.021162745994865406,0.1555320657770182,0.03890998239135067,0.036360223250116216,0.01113086967637912,0.017230283634576387,0.0036978061190852092,0.023298815190836628,0.004221434449325561,0.023193743759559016,0.003777334540961251,0.013463611073628512,0.00652359643457062,0.0011695291632724714,0.001787697841482621,0.0017489718223895304,0.0008547634562008834,0.0,0.0,0.0,0.0,0.023706472990985827,0.029010398821706463,0.03397122502631441,0.281219829598577
0.05090870956402578,0.2164334070992223,0.021531738252474782,0.15472139354890893,0.038964470115791586,0.0364493483505868,0.010390873273934124,0.01732490798719107,0.003634842742789164,0.023089008048303584,0.004417644508553813,0.02325122927810355,0.0034920071046564355,0.014056386348398819,0.006530644518466022,0.0012741460110677466,0.0016414241875202253,0.0017583240141102255,0.0007926448422087438,0.0,0.0,0.0,0.0,0.0237266654257455,0.029087170657411503,0.03481670078502517,0.2817063133355041
0.051433051122635284,0.21754127041020827,0.02098818689399232,0.15398587547420922,0.03849173877122618,0.036669293401483255,0.011185208464235086,0.017733936720113884,0.0038391193285365792,0.02356453873787085,0.0037129736010592064,0.02291937924745036,0.003727507255278497,0.0138324819232927,0.006228351421665895,0.0011584884432986442,0.0018453666848528068,0.0016059094621224252,0.0010016848856282527,0.0,0.0,0.0,0.0,0.022856397553971,0.029357116630073198,0.033817656749570726,0.28250446681722535
0.05024627683575213,0.2168874800429549,0.02132000463333809,0.15529853813569872,0.038169402365407654,0.03760968917753935,0.010858574539286073,0.016997750691826772,0.0034839057155520367,0.023675639240411973,0.00357113363480994,0.021479509663764218,0.003572510531512603,0.014490689863723752,0.005954270161134152,0.0013684845021457637,0.001803981078370297,0.001585010721600752,0.0007122887309444409,0.0,0.0,0.0,0.0,0.023991655086049685,0.02932505112664165,0.033961705903447895,0.28363644761808715
0.051127752107232104,0.21540754097281067,0.022225443864407418,0.15521066032070607,0.04145826931455573,0.03661036746916531,0.010593027590359958,0.01721716532774403,0.0034846374459756384,0.022939788758963357,0.004745191059441987,0.022707197704528993,0.0035978967615203647,0.014002737295805354,0.006591914651744702,0.001316552116160797,0.0018419960255440567,0.001531350231934618,0.0008581545383600433,0.0,0.0,0.0,0.0,0.02322129149682741,0.02910640440335922,0.03279045511997224,0.28141420542288
0.0510289491923132,0.2194654584226062,0.020977894515740707,0.15484090037603293,0.03804408728211954,0.036708878456810694,0.010344499119581338,0.017518158216730795,0.003671344118872619,0.023593338057149665,0.00446556678183495,0.02244945933474366,0.003875015171145576,0.014501522237166605,0.0060857235556951725,0.0011534287181811992,0.0017519198404856516,0.001616438441276767,0.0009070326082698367,0.0,0.0,0.0,0.0,0.023382855362742216,0.02867306559540601,0.033411064760571596,0.28153339983452313
0.05040641157227442,0.21686455782499356,0.021548562750211168,0.15600267641356488,0.03951096590434078,0.0369674099041871,0.010596143052267104,0.017856907801149062,0.003597162304206417,0.022504653536982926,0.004404935442667112,0.023207831861768495,0.0038460193317323465,0.014183269835987722,0.006168590953443891,0.0011905188020372467,0.0018510919546269396,0.001575135482261734,0.000762561524096049,0.0,0.0,0.0,0.0,0.02308085155071633,0.029329518083673557,0.03346311085451977,0.2810811132582914
0.05082345800882282,0.21613192954933663,0.02135408464270673,0.1551807785408512,0.03889797123295758,0.03680977315725605,0.010608254057559517,0.017439774728238353,0.003735101736462282,0.02378085580069569,0.004554552432944922,0.023302246044260143,0.003641761336414512,0.014026580201731314,0.006345767057881457,0.0011902122129690167,0.0018236977352516527,0.0017839907856772408,0.0007014767784900164,0.0,0.0,0.0,0.0,0.023942663661281373,0.028539948380059417,0.03289073689505835,0.28249438502309376
0.049539986510261425,0.21693974426622545,0.021330786490282548,0.15549013167967804,0.04018109346266927,0.0376602008188281,0.009813769100747622,0.017732098233778557,0.0034903133871475667,0.0236003086547597,0.004682120901550846,0.023275724286054095,0.0034050767996154038,0.014276212866546165,0.006543262414387384,0.0012290380002189373,0.0019605456375725978,0.0017228414548149857,0.0007770280699306839,0.0,0.0,0.0,0.0,0.02369522738545003,0.029431146454698538,0.03245696388033331,0.2807663792444488
0.04958003937132689,0.21731949606115003,0.021884649570484065,0.15445680804828252,0.03857940990115148,0.036791288715845805,0.010996354827233167,0.018212961054704678,0.003671272083282691,0.023611215897323783,0.003917362121729679,0.02300463379048091,0.0037842752779611273,0.014149554839501421,0.006244967866910557,0.001112203419730289,0.0019049964103055564,0.0016989804080015762,0.0007108832959055309,0.0,0.0,0.0,0.0,0.023315265435669804,0.028005482979967404,0.03382199040603899,0.2832259082170121
0.05220492506360014,0.22000259501059144,0.020329375710151303,0.15390416720677902,0.03895945308551395,0.03630486711858065,0.011130557757886617,0.0171997187524153,0.003521680707857304,0.02427871533436083,0.0038962151581030135,0.02282393141994944,0.0037483427191985982,0.014035665543793614,0.006140911210996807,0.0013174549228971964,0.0019381094858523188,0.0016229568705041243,0.00068847072682816,0.0,0.0,0.0,0.0,0.023720422306302738,0.02917337806321548,0.034209892329787966,0.27884819349483403
0.051489905103670866,0.21444141431350944,0.02162418375467672,0.15530286527733222,0.03840963740232576,0.03749550020117652,0.010692596621743048,0.017353597224630906,0.0035402289957252504,0.02272912330030989,0.004404962048746416,0.02277671869345137,0.003753857478398562,0.013921114581633157,0.006321540824878039,0.001440831288312404,0.0016845203597601818,0.0018179626570622976,0.0006275307038999322,0.0,0.0,0.0,0.0,0.02378106734933922,0.029931740690295798,0.03455899848809692,0.281900102641025
0.049238487807857785,0.21838378195049998,0.021493864322233987,0.1550638640073791,0.03928577885429756,0.03628125291312493,0.010280781704070851,0.01799493096788202,0.00338201189331734,0.023897367314171355,0.0045781973123878985,0.02252074751676749,0.003411717842908778,0.014120496214090053,0.006538979794732937,0.001290810997985068,0.002039543213321099,0.001785637782002959,0.0005233436957218028,0.0,0.0,0.0,0.0,0.023527564884499284,0.027959443572409322,0.034073500549503546,0.2823278948888349
0.05084582308213951,0.21982079728953088,0.021873805876750217,0.15496939853424865,0.0373846188310676,0.03661969606727399,0.009796073764829157,0.017373051210563685,0.0034429425929171503,0.02349676530566945,0.00402599384285211,0.022764251127093616,0.004038219763024152,0.014244304564214369,0.006445649274254811,0.001216158914594976,0.0017958805290195425,0.0015164399114168466,0.001008995556695215,0.0,0.0,0.0,0.0,0.023253880630194547,0.029013672993905622,0.03308935718816373,0.28196422314958014
0.051279225575194834,0.21962610310048497,0.02170730567225749,0.15438160862020142,0.03833985460904982,0.035955591942471506,0.01100168466425579,0.017561257887696167,0.0034311936166485984,0.02333446085480787,0.004121247192845371,0.02314310095313257,0.0039103434354389325,0.014105803021842634,0.006085355477159544,0.0012649758040075294,0.0017289419799456096,0.0017188718006160696,0.0007758561374215596,0.0,0.0,0.0,0.0,0.02339267267333956,0.029075941033730533,0.032243591304623224,0.2818150126428285
0.051164023941824135,0.2147989423854432,0.02207277358309877,0.15289438534241379,0.039203121310313296,0.03677940884519655,0.01040528022541698,0.017519557403524184,0.0033229132645946277,0.023671869207987452,0.004157723917499531,0.023376989817085157,0.0037144344108642887,0.013984176642085736,0.006541921535042008,0.0011769912514760328,0.0017418230094864435,0.0016988870282014941,0.0008030030559581161,0.0,0.0,0.0,0.0,0.024236127592143157,0.02924149124453776,0.034977060306095105,0.28251709467971226
0.051330985354846405,0.2177864051693857,0.021171443014577147,0.15416122388383383,0.04008102194463152,0.03667864490439687,0.01093505075653554,0.01701996393079923,0.0031872646767080737,0.023563303228115944,0.004631797397494131,0.022701375044736315,0.0036018779351855964,0.014228566646988235,0.006114804815821663,0.0015069326626473577,0.0018687026860530666,0.0018615699063575565,0.0007004493982013753,0.0,0.0,0.0,0.0,0.024072676323767778,0.02892308795323343,0.034331483838079185,0.27954136852760414
0.050654187551042416,0.21716785992617899,0.021632675537938025,0.15597041473054665,0.038352532389002436,0.03630785356504001,0.010589859302554653,0.017642826665957186,0.003428680736723728,0.02248291706765585,0.004239363317529543,0.02332835677410656,0.003760713658006211,0.014099023794470839,0.005970899757427458,0.001299350077822873,0.0019511625482190955,0.0017629880811075138,0.0005719855652544952,0.0,0.0,0.0,0.0,0.02346506471686634,0.02948208015265736,0.03444937333913775,0.2813898307447541
0.05235208623391289,0.21724960457926173,0.022088532640486568,0.15077085274887977,0.03829069184468656,0.03708337229133229,0.010223543620710826,0.018100766946909576,0.0033230517470759615,0.023967127160706012,0.004011902572306268,0.022288095933302436,0.0034551451465431827,0.014735590726249762,0.006084664256054493,0.00123368174803901,0.0017948027444341281,0.0015248191203055634,0.0011272499063300085,0.0,0.0,0.0,0.0,0.023889932659818695,0.029987341947850105,0.03305961946564871,0.28335752395915553
0.05028229540407597,0.21599302380853555,0.021539434554028576,0.1543947573293225,0.038765142210035665,0.03777958816084162,0.010502583020686173,0.016956784528609076,0.0036762270483179905,0.023433363975907864,0.004416752679126273,0.0227560288084473,0.0038315061174722803,0.0143298464286731,0.0064646291593287815,0.001170804816290678,0.002041577596284809,0.0019720105659292116,0.0007163405971816158,0.0,0.0,0.0,0.0,0.024074207894933208,0.02810786168540389,0.033725410808959945,0.283069822801608
0.05129030670646848,0.2173645985537668,0.02117733551451489,0.15665890993758702,0.03823581896159082,0.036148051330897005,0.01115707518166949,0.017604328917706292,0.003787693901667009,0.023521980820285372,0.00453845874731571,0.023878653862665983,0.00365801245653209,0.014068734660745614,0.006353714762772985,0.001187889507887685,0.0018766847281958456,0.0017021941877525773,0.000753880961912508,0.0,0.0,0.0,0.0,0.024321484620287718,0.02798552958908443,0.033494531936160296,0.27923413015253346
0.04956472606004727,0.21812767512076273,0.022127115717633646,0.1539420612903602,0.03917775056923405,0.036268930038249665,0.010841174031606938,0.01738298321431208,0.003496534650705101,0.024765531408751075,0.004045374159903891,0.023173984932806542,0.0038315567258927416,0.013803321248017923,0.005866642864075184,0.0012551700036470617,0.0017786855197306935,0.001655225582636859,0.0009761494685397547,0.0,0.0,0.0,0.0,0.024418062874950307,0.029180620023871073,0.03404526415525594,0.2802754603390093
0.051056212384025836,0.21666402005713098,0.02168320935550245,0.15562405364413598,0.03855172677421037,0.036981805649633034,0.010318766457371323,0.0171368553312686,0.003813389794654233,0.023774265634619703,0.004562805205819498,0.024119706286040786,0.0032381504758424657,0.014268929437622693,0.006116438990550298,0.001190849030407661,0.001939862223927464,0.0017164087648183716,0.0007707457894423213,0.0,0.0,0.0,0.0,0.02335659022922477,0.029198442676375457,0.03325575379569284,0.28066101201168286
0.048615410977222114,0.21856028810280584,0.020970534737895796,0.15515025800064877,0.03951357898255057,0.03821102402224478,0.010699525601028539,0.017471337730906155,0.003757899014294616,0.023528936960835634,0.00447770764963236,0.023394009161215045,0.003931968591195441,0.013718135712045932,0.006233614745003239,0.0012708943610079328,0.00198366491746844,0.0016084690095864579,0.0008126074229435115,0.0,0.0,0.0,0.0,0.024411450487303716,0.029109246975470092,0.03378280210218717,0.2787866347345079
0.05134330599800343,0.21843455236084686,0.02162948253633554,0.15407681250964833,0.039582622566785096,0.03599294807667889,0.010777603938531246,0.017359244745934154,0.003530697252157719,0.022974991655135654,0.004270058087831354,0.022952267334685514,0.0037269540129183333,0.014406068061989583,0.006240428871155745,0.0012556583973579844,0.0018879754577634925,0.001758101271698231,0.0009396311387984111,0.0,0.0,0.0,0.0,0.02334459414168471,0.02878188261463526,0.0338988444432564,0.280835274526168
0.051678711722269254,0.21602674194986435,0.022228991065520877,0.15596580007360142,0.038675973161303265,0.03566431216463667,0.010873946117149095,0.016555387487986496,0.0036388931424813685,0.024065675293313264,0.004385036873402215,0.022836127580677296,0.0034932103135639583,0.01412508057882197,0.0063826911366703775,0.0012766464718665317,0.0016997752648742752,0.0016757092570559196,0.0006643817179801257,0.0,0.0,0.0,0.0,0.022911950150471858,0.02922002420952114,0.03396595186524947,0.2819889824017189
0.05035939489374512,0.21759130667230106,0.02204063093107437,0.15446041347128164,0.03852970070618718,0.03617022606920919,0.010931050580870539,0.018090148868673956,0.004040434896568973,0.023985016779146856,0.004563185497289792,0.02306955232849591,0.003747923672623568,0.013758065244901765,0.006472199654329339,0.0012922924048971022,0.0018518248124764548,0.0017283819536174356,0.0008748154192307553,0.0,0.0,0.0,0.0,0.023545278732893686,0.02916127051306878,0.032858132116315955,0.2808787537808005
0.05233432786522513,0.2176244131800253,0.021793506953494742,0.15520314307256947,0.03874500703280709,0.03740402655199066,0.010506880607344591,0.017232333302173115,0.0033972645365966296,0.022989878937943416,0.004279194032883833,0.02213333655033364,0.003591271177318069,0.014690519963917546,0.00619530702986028,0.001219873917455107,0.0020023836293443556,0.0017209857902908666,0.0007467681635758742,0.0,0.0,0.0,0.0,0.023503427613211163,0.029090805774803486,0.03372291799095561,0.27987242632588005
0.05120007027169578,0.21534868587442718,0.021643685021393567,0.15593360597839492,0.03816457489802645,0.03695746688539349,0.01048342248430233,0.017679693813598456,0.0032811898747413916,0.02432082124225355,0.004190211208545367,0.02355403524916861,0.0037259458710851767,0.014262696479690107,0.006317412860883766,0.0010989325318589485,0.0020917218560734764,0.001628863356285673,0.0007053447815934313,0.0,0.0,0.0,0.0,0.02396732324113288,0.029336893773725482,0.0333958922139556,0.28071151023177443
0.0510438463504817,0.21680746195470624,0.021617822629508402,0.1543133528668842,0.03941952055040064,0.036923325381301324,0.009954694104585927,0.017607170461517337,0.003587963549051816,0.023226401946114646,0.0036787362408855578,0.023731148515520432,0.0037709902676142785,0.01349940306025837,0.006471795891646781,0.0011757993599033397,0.001505724433642846,0.001729380649612678,0.0005957765679242624,0.0,0.0,0.0,0.0,0.024105101932004193,0.02953614863842589,0.03486412683229712,0.280834307815712
0.051132913388480396,0.21657980091866186,0.022133958510211334,0.1560891634656194,0.03880971676363229,0.03581178215904707,0.010611529691450145,0.017420599324906062,0.0035723564917926596,0.023866898667285166,0.004528411446799938,0.02279819477782779,0.0037097015061560317,0.014314323476739116,0.006433458930493357,0.0012026621209071959,0.0014681073326085483,0.0017402153908855228,0.000806856985117909,0.0,0.0,0.0,0.0,0.02414045101281058,0.02924561664081356,0.03320550518396486,0.2803777758137892
0.051885638284586325,0.21677238007041183,0.021586109438171838,0.15356337909817902,0.03965156347990943,0.03665895229510777,0.010685696257020334,0.01753899934569373,0.003712065998768521,0.023613741499591407,0.004284405065495344,0.023375380749645062,0.00369526978585885,0.01405327579574452,0.006288529374254349,0.001377509111734019,0.0019954377659368487,0.0016898049438638003,0.0007497621644135329,0.0,0.0,0.0,0.0,0.02323312819524797,0.02866285674866615,0.034043859499967154,0.28088225503173225
0.05013168596012437,0.2172737426311225,0.021511513747616912,0.15747779681461083,0.03906404301111289,0.03620123513630743,0.010224116636996825,0.017598374628056808,0.003687008426132488,0.024158500458407346,0.004421354308003724,0.022797812060972127,0.0035040007531696496,0.014023718311476651,0.006706898440664471,0.0014418192201418809,0.0020387782936743684,0.0019451020116065597,0.0006059294264606674,0.0,0.0,0.0,0.0,0.024196661795122684,0.02928569463370053,0.03195739022619952,0.2797468230683188
0.05106748368328281,0.21508592319227476,0.021287080514848337,0.1561987901465555,0.040254704452280604,0.03718315568682813,0.010356076464251442,0.017018027312015422,0.003590224169179879,0.023779856435119966,0.0038275998001082363,0.02327208215300275,0.0038474044421151605,0.013975686462288226,0.006421912609259739,0.0012540335485395028,0.0020733750329164817,0.0016669503756201823,0.0008730834260713466,0.0,0.0,0.0,0.0,0.023844390391514328,0.02903027611385266,0.0334106597034236,0.2806812238846509
0.051055791514836225,0.21503005262172983,0.02107514830446177,0.15313343753257652,0.03935804568722101,0.036511967436712214,0.010353513774154522,0.017786824323656497,0.003632388263917748,0.023870508630136383,0.00397657299831895,0.023650384946113837,0.0038768095920573933,0.014560690839322713,0.006282538179203859,0.0011528687462356358,0.002145687273307402,0.0015688215173527843,0.0008980944565360526,0.0,0.0,0.0,0.0,0.023491111882830283,0.0290356530286855,0.03380070352850712,0.2837523849221258
0.052389891519130274,0.21938289767462948,0.020687895789681644,0.15483513531943646,0.03727928429422839,0.03596766981748188,0.010755627237602965,0.01699590319984138,0.0038324694387657744,0.02403485094490127,0.0043124855075887935,0.023126516372248773,0.0034184664033777208,0.014508426232535215,0.006277316556295029,0.00125924592555098,0.0017922737184158488,0.0017170502977082215,0.0008473483800367132,0.0,0.0,0.0,0.0,0.02428488852339699,0.028347525352229314,0.033004253630526434,0.2809425778643905
0.053956254021815045,0.21934347837349666,0.021256702105754206,0.1524231521653469,0.03936736836536029,0.03676629262592902,0.010176010494251656,0.017451677748658117,0.003831358616969826,0.02332263772675234,0.004658847921141955,0.022213686514462885,0.003700729727333287,0.014433781458223546,0.0059812005969081105,0.0013589621232044176,0.0017617218656439128,0.0016439985640243552,0.0007729457013112304,0.0,0.0,0.0,0.0,0.02380238128386654,0.028640988758765067,0.03386876282143153,0.2792670604193492
0.050184387764826456,0.21627908227855702,0.02120409885487303,0.15374713728023143,0.03933637501800529,0.03707481078657481,0.010637735696853168,0.016668449346004446,0.003264254893127772,0.023863142725962704,0.004665043721463282,0.022849819476418284,0.004037070083637093,0.014472039803246295,0.006599368511040144,0.001238925417976063,0.0018928001663829138,0.0017346910449492347,0.0008513007448574129,0.0,0.0,0.0,0.0,0.023621715267725277,0.02904579949690584,0.03446708393046569,0.2822648676899163
0.05019440038162785,0.2190656047076919,0.02199237344286004,0.15376218048448598,0.03833374748649138,0.03717493086339756,0.010087469015908323,0.01719533334528976,0.003867023564893328,0.023731396120960927,0.004757479342345791,0.023384558400760026,0.003934717856170599,0.014112415433421186,0.006071504052806918,0.0012239044239399327,0.0017190222659252206,0.0016211163997396313,0.00078403733852029,0.0,0.0,0.0,0.0,0.02354924896474094,0.02884267722959972,0.03226018815035027,0.28233467072807245
0.05084951698350372,0.21836042733897987,0.022490247615316462,0.15382103938241945,0.03987303504622336,0.03739252048202933,0.01095809268558682,0.017296021527774152,0.003215955153783085,0.02336212878072317,0.0043965747785669005,0.02349624567869786,0.0038489849122669553,0.013834375729658446,0.006169233781417673,0.0012677502507816277,0.0016702305630969256,0.001605317145054689,0.0009443165365988886,0.0,0.0,0.0,0.0,0.02339673231249231,0.028538820683296266,0.03413976573853229,0.27907266689319976
0.04911100422561293,0.21794650560410478,0.02142605108144493,0.15392125732493112,0.0387935568873655,0.03684471912127606,0.010458620926445455,0.017751568603306875,0.004029840049938577,0.023001054648268682,0.004792718776873461,0.023119203613773814,0.003930423062493689,0.014224258206687596,0.006299009647307828,0.00136867128475886,0.002028772636372247,0.001689551665595013,0.0008436812432094886,0.0,0.0,0.0,0.0,0.02367361816254485,0.027746677685317845,0.03362004868808245,0.283379186854288
0.05160818442797632,0.21832104759263352,0.021764852846395864,0.153236883622943,0.0392334466013173,0.03629287458488218,0.010478377561032677,0.01750547162709224,0.0037468794860345015,0.023008234754002575,0.004780181049344513,0.023620703032979314,0.003519874229695956,0.013902574349355745,0.006327241617867874,0.0010996094099583445,0.0015261950808478377,0.0016735008167409692,0.0007312744276222344,0.0,0.0,0.0,0.0,0.023029554835313725,0.02924489360851546,0.033872438909394134,0.28147570552805373
0.05018944685928939,0.21555666195410722,0.02186276547372298,0.15714882711560949,0.03904657016137565,0.035293724169930395,0.010358354839381308,0.017614102214018067,0.0037306992912738814,0.0245851519354343,0.003659649813145479,0.022945505283767854,0.0035553156228203308,0.013900929013638144,0.006364751217710282,0.001247512367590008,0.0019058547994440726,0.001581718223771985,0.0006492274554906437,0.0,0.0,0.0,0.0,0.023718942167980855,0.028651481124701218,0.033372550507518174,0.2830602583882783
0.052177352733414416,0.21719383531517536,0.020989610024814247,0.1559194671646303,0.03936540238895121,0.03676466629738505,0.010012327931435184,0.01728150386322815,0.0033370476470200444,0.025094200881648605,0.0037866797605849477,0.022957112960899567,0.0036683905294609444,0.014064927969368663,0.0062942883350988,0.0013224117108556126,0.0016879406326485238,0.0018875194806758575,0.0008408311927416512,0.0,0.0,0.0,0.0,0.023524426009889802,0.029205065329029944,0.033285581214991464,0.2793394106260517
0.05085849280738194,0.21721618608763849,0.02108805685528379,0.15393109377301337,0.03959270589843811,0.03671950848416562,0.009990396886239436,0.017779030369058188,0.0036089060217599856,0.02355288014073216,0.004528840151263351,0.023125016078900988,0.003880424819878803,0.014401673004907824,0.006109814296516183,0.0013754199095603928,0.0019937060136172363,0.0015719475739242182,0.0007089576631029249,0.0,0.0,0.0,0.0,0.023496306350303562,0.028450350682524994,0.033769733298106445,0.282250552833682
0.050469418475337126,0.2172341174904245,0.021017392282081642,0.1560202056717108,0.038319124016659815,0.036274810976108636,0.009779928424120584,0.017436941027853536,0.0033708777372961967,0.02321730888645738,0.003974062850398286,0.02261470668819994,0.003710504720731396,0.01378448078360292,0.006542126105573265,0.0011579209447709425,0.0019220578049972893,0.0018049035031935691,0.0009197341750241152,0.0,0.0,0.0,0.0,0.02356712727306222,0.029265126952885773,0.03346633288345742,0.2841307903260527
0.05065725318233681,0.21559159142017204,0.02129739389189647,0.15496571694460956,0.03931552787141824,0.03797009884372022,0.010180175073131497,0.01749522469958425,0.0035469101350936887,0.024236403838842926,0.0048866900286579674,0.023144554490773735,0.0038062018250625733,0.014050049418809624,0.006344331033553176,0.0012710275318766776,0.0016439001654390676,0.0016166356995311847,0.0007619098294872412,0.0,0.0,0.0,0.0,0.02384616677225205,0.029524346689269555,0.03279334561678773,0.28105454499769367
0.050475759229217765,0.2191186035393428,0.022201242563965874,0.1526965964770844,0.03963208159030709,0.03752097742100359,0.010932233612735359,0.01677628261149439,0.003511938257377387,0.024404622790017594,0.003970729305877352,0.022507699837782693,0.0036669265359477584,0.013714555248121495,0.006187226211951084,0.00123806866755826,0.0018202202993656221,0.0018472063475245752,0.0008044677143611708,0.0,0.0,0.0,0.0,0.024196052810570044,0.028405152558628327,0.034023677085144484,0.2803476792846208
0.049912195503828125,0.21959616880496288,0.021179635922432643,0.15476305738736187,0.03986551705341236,0.03661888975042697,0.010034905759191888,0.017420829922888282,0.0036873329737849283,0.02326505320176326,0.003934343808828173,0.02307900981806795,0.0037672462744572227,0.014559373298473195,0.006499952893730507,0.0012419973584585774,0.0018049201874886344,0.0016388569978608683,0.0007993678136799969,0.0,0.0,0.0,0.0,0.02239050902010225,0.028812166308643593,0.03331003260727685,0.281818637332879
0.04957292460588923,0.21965895157891663,0.021197020487553047,0.15478544757117077,0.039611974217053016,0.03719831608792483,0.010086731479795592,0.017693909235242205,0.0034956023435606847,0.023774654675631213,0.004007652269240146,0.02287859589882619,0.003810186899270407,0.013997095411678715,0.006156001597793061,0.0013023059353492266,0.0019162081100841677,0.0017104012752599967,0.0009383808237228908,0.0,0.0,0.0,0.0,0.02389875330205899,0.028233569043992417,0.03357122371013116,0.2805040934398554
0.0516432374574267,0.21855630757846067,0.021854743866584043,0.15373351990658693,0.03918119653512359,0.03592543665679946,0.010296606927615155,0.017448453119075967,0.0038102336549130913,0.02265795388274267,0.004644036681775611,0.022621623428078004,0.003849208849425876,0.01421927526963695,0.0061059890749061195,0.0013415554009686172,0.0017926239036755703,0.0016339986842919564,0.0007377881778807424,0.0,0.0,0.0,0.0,0.024074532357148962,0.028481145146398525,0.03381716887055362,0.2815733645699312
0.051173834385829065,0.21877199765613478,0.021607575653491026,0.15329091442368714,0.03829122735344986,0.03654504945785018,0.01096135237066534,0.017751226109918618,0.003607422447821745,0.023643864839823364,0.004201815074034052,0.022394083302169288,0.003644155072275633,0.013620388413443449,0.006150145158412107,0.0012285946541009745,0.001782235118019615,0.0017377741664617676,0.0007435637334293853,0.0,0.0,0.0,0.0,0.02375663110746831,0.029218645486336216,0.033384551416874006,0.2824929525983041
0.05062743616309327,0.21913574645556105,0.021554917935769052,0.1529806305497175,0.0389990396869367,0.03680848834086385,0.011460113454504676,0.01741459503245323,0.003575538377889883,0.024634655026543065,0.004030063021163837,0.022691218405036732,0.003909398255182729,0.013872648597225243,0.006312118592746334,0.0013131521109097067,0.0018236175962856398,0.001684405219931329,0.0008047680593188472,0.0,0.0,0.0,0.0,0.023465505193762996,0.028688971601159942,0.033733304147948256,0.2804796681759962
0.049736817737253095,0.21911074549958057,0.021002469594100077,0.15321638781057975,0.03970605359864453,0.03543960114479109,0.010549691297612084,0.01790570826864652,0.003492768470003705,0.023338046911995584,0.004611314019367188,0.022639896395843427,0.0035466482160775373,0.014229075335537073,0.00625898697779913,0.0011785062239429583,0.0019054867939247645,0.0017357720974480015,0.000660123995227974,0.0,0.0,0.0,0.0,0.02370980635035679,0.029120804521864746,0.03342360736051151,0.2834816813788919
0.05013871754425252,0.216960010081353,0.021173017021493636,0.15485328886720023,0.03871956280644025,0.037133949519669716,0.010439325525680752,0.017230452251647998,0.0038280261250092187,0.02333839528958792,0.004081855916090243,0.022580877289218128,0.004184918278517507,0.014532135923539169,0.0063211958467415995,0.0013044512427113492,0.0018097184433872287,0.0017235740434075712,0.0007003045788933228,0.0,0.0,0.0,0.0,0.02421561064723335,0.028018915344499927,0.03389074032241044,0.2828209570910149
0.05111829999195305,0.2174165424392312,0.021853410377881882,0.15371180132329507,0.03909380235573628,0.03676269607821027,0.011227303197860874,0.017519670468145804,0.004009109865801831,0.02302902483298462,0.004609238364368881,0.02231855567704944,0.0038674783252698776,0.013768001089048285,0.006162278588119705,0.0012788452289731716,0.0019486104293775443,0.001715887768662262,0.0005494137535977332,0.0,0.0,0.0,0.0,0.02397059225499472,0.028627285762455778,0.03369373861198891,0.28174841321499283
0.0523630760387664,0.21996721803674962,0.02121271945271576,0.15210149397008227,0.03903456923528226,0.03661567521146523,0.010480294446503063,0.017352123752627083,0.0036470591547374713,0.02416647701358701,0.004369589779601428,0.022993589250520884,0.0037560249229408108,0.014197455128893111,0.006241322163548483,0.0013338317201027924,0.0019443009087880326,0.0016589171135722226,0.0009299752564068949,0.0,0.0,0.0,0.0,0.023900509122454,0.028993410254987934,0.03273845542788824,0.28000191263777907
0.05208196904280101,0.21789494614249344,0.02066020766738546,0.15579918562090875,0.03938498871351487,0.036858478459043095,0.010832984025829856,0.017398156723537513,0.0038598649573257813,0.023572176796382644,0.0045843743908680025,0.022834734234553893,0.004039782073943592,0.014482755316736156,0.006481119841339313,0.001124918645227721,0.0018961131577630655,0.0016624100315298783,0.0007969369289040258,0.0,0.0,0.0,0.0,0.023268228830402218,0.028423609678957774,0.03488497254252007,0.2771770861780319
0.04887154891184764,0.219206731637216,0.021984469460056513,0.1527467417294803,0.038803442396324994,0.03681563372606926,0.010285494954864114,0.01743096949434213,0.0036077564413425564,0.023635318883702378,0.0038953437063966615,0.02294428077944281,0.003815852931768318,0.014140679335532124,0.00633976357067733,0.001400301352900772,0.001487544297283538,0.001749017353556158,0.0006946941389584741,0.0,0.0,0.0,0.0,0.023256489253890268,0.028504808762448035,0.03433780519300989,0.2840453116888898
0.0506156393712042,0.2179656262335611,0.0217347535904354,0.15407240229845165,0.03809584958167121,0.03700337979839104,0.010355771425352966,0.017718045849596683,0.0037951134512220186,0.02313655020881937,0.0046768302127889955,0.024165992723500535,0.003791440082855402,0.013767223532829321,0.006523919015257698,0.001218499697377425,0.0017280557164260576,0.0017679594024126517,0.0007805143644003434,0.0,0.0,0.0,0.0,0.023628289111441145,0.029475134855994695,0.03435406297357393,0.27962894650243614
0.04976139415421569,0.21821828349560918,0.021488728228919708,0.1572932983359799,0.03826446789269418,0.03682060375845847,0.010494346803825041,0.01719316384189732,0.0032856816148437683,0.023888283996978142,0.004295314097388635,0.023529893427839232,0.0036963894499094365,0.01397129711442828,0.006459928416873112,0.0013003645307416178,0.0020695353928387216,0.0014774479767814476,0.000795687756390084,0.0,0.0,0.0,0.0,0.02377891941436627,0.028263461455765686,0.033546740549257686,0.28010676829399844
0.050728282642840884,0.2172702874029151,0.022474515849013433,0.1513724237943126,0.03871324093741067,0.036384116610730856,0.01078178810453571,0.017462788094368513,0.003632735958417198,0.02395399158171968,0.004352638706564435,0.023403902060737346,0.0038177388907278606,0.014948628438116281,0.006007496178537039,0.00129514739954657,0.0017519846403170041,0.0018705168201892067,0.0007271975266557736,0.0,0.0,0.0,0.0,0.02386282762372318,0.02972138517015289,0.03486099206765654,0.2806053735008113
0.05155745294056344,0.2188094973281253,0.02122223959033632,0.1534162196764212,0.03892560656166944,0.036828040539182746,0.010545346298659919,0.017258773908461478,0.0033535877132954825,0.024708965226769325,0.0035371783618509157,0.02306251436675387,0.0038023090456991643,0.01385539214539283,0.006417826678536959,0.0013003768435625167,0.0017487059607492997,0.0018425199336837572,0.000705934807386045,0.0,0.0,0.0,0.0,0.023100267542544538,0.028381156246556277,0.032506760584123065,0.2831133276996761
0.051366119907307314,0.21544072858303448,0.022509671923029374,0.1541278368693649,0.03967278236434409,0.03706356238370301,0.010411719868895476,0.018244248336565797,0.0032501890867737957,0.023554319912929948,0.0039806387849868705,0.022721316233450254,0.003719269644412633,0.014669789789236939,0.006415593058074683,0.0012799225106624626,0.0018607428528237043,0.0016203438125494494,0.0007919073088315576,0.0,0.0,0.0,0.0,0.024091781720223214,0.029040403828767037,0.034234062006839344,0.2799330492131936
0.05064894135185157,0.21679318538102588,0.022223905511196303,0.15437725558124799,0.03947522296694897,0.03689157539682265,0.00992196836856352,0.01780016471468819,0.003575308424414083,0.024135145525258125,0.004592816909727978,0.022830655503129498,0.0035874328209378496,0.01375500632662105,0.006321706715526334,0.0012438766777778752,0.0020725776939759903,0.0016773610357656427,0.0006969108527155879,0.0,0.0,0.0,0.0,0.02359040338887469,0.028243048697195322,0.033158733526971414,0.2823867966287635
0.04906013979321045,0.21573197469423055,0.020864996705427928,0.15596461112503723,0.0398715379264663,0.03683966756666813,0.010479891232053251,0.01738227571405416,0.003685160777112028,0.023306476419119447,0.0035975382731778956,0.022941514233018545,0.0035738690821257744,0.01408207192555433,0.006162159086614839,0.0012873799637459903,0.001948321505764069,0.0016267582741960804,0.0008293659136568403,0.0,0.0,0.0,0.0,0.023962048588896875,0.02963095948320747,0.03359931761544766,0.2835719641012141
0.0520624340567068,0.2166646730888917,0.02102599010036003,0.15255162532854863,0.03961550621530908,0.03807937082998612,0.010615465088586958,0.01849140837984715,0.0036480697689438906,0.024403701288103406,0.004900963479966682,0.021709055002116912,0.0038066283703766307,0.015162627634966914,0.005918750863320374,0.0011243880199636683,0.0016257001889893497,0.0017496812602314214,0.0008840479951708469,0.0,0.0,0.0,0.0,0.02415263755061938,0.02853661864158511,0.03358913941835395,0.279681517429055
0.051975677461903146,0.2171730640867599,0.02189169850056569,0.15555544673219995,0.03906049631508266,0.03640162095304577,0.010689187448081613,0.017378539467958583,0.0034061044169066087,0.02340326400886082,0.0042181276886629916,0.02332058893185214,0.003571354676163864,0.013833590701765097,0.006576665980349741,0.0013554323363480858,0.0016238798620830577,0.001725403783109473,0.0005267208616409075,0.0,0.0,0.0,0.0,0.02289637440867638,0.02909708006764236,0.03387001301817273,0.28044966829216844
0.05036525318374976,0.21666331543637476,0.021143953725006714,0.15538473369856656,0.039296423443357605,0.0358388637109074,0.010734794416345067,0.017237081604489893,0.003933689752820006,0.023151853993326567,0.0043265341675870345,0.023236166313435752,0.0036875425319814414,0.013740179776365801,0.006611854314817843,0.0012034644118918668,0.001804317769971088,0.0017021638605365704,0.0008197066813612342,0.0,0.0,0.0,0.0,0.024096895860922098,0.029189666585640456,0.03392509689148346,0.2819064478690611
0.05169337574752142,0.2162422027304051,0.020761719541360794,0.15626759835925794,0.03999686826900106,0.03610214803341541,0.010606985312127969,0.017381103434023458,0.003816084528594551,0.02372613083386209,0.00436110596733653,0.023850295031539064,0.003661576371677324,0.01397961165396032,0.006555740063904189,0.0013311190241421438,0.001742192806975525,0.0017760043969342692,0.0008042079947217313,0.0,0.0,0.0,0.0,0.02370241422365876,0.029435377174677653,0.03378546993794012,0.2784206685629627
0.05055493865910197,0.21626010746065302,0.021956620475633914,0.1536655245462663,0.039813804170443126,0.03657415969460362,0.01050085349657585,0.017266760132200645,0.003658841405980059,0.023626781561956554,0.004907159715907909,0.023061286670228005,0.00376229415142519,0.01368205122473792,0.006144688477885132,0.001268742140573743,0.0019501241938222383,0.0017148886307573673,0.0006067635377095042,0.0,0.0,0.0,0.0,0.0235399821647636,0.029051473423841834,0.03239103636827004,0.2840411176966624
0.05054823962857895,0.21678174066034933,0.021220197427651775,0.1556649796635269,0.03841252851634708,0.03667447875178417,0.010686992341315723,0.017496187970785188,0.0034999657784581467,0.02350337867923909,0.004176649594449204,0.023864691620040325,0.0036697414594600852,0.01429253004897998,0.006119361624780353,0.0014730781033391494,0.00166799375037655,0.0016891924605806994,0.0008135967440688641,0.0,0.0,0.0,0.0,0.02429788442503641,0.028768797502657272,0.03381117112684865,0.28086662212134617
0.050245871926558605,0.21398187084892584,0.022117021081471334,0.15679991464375495,0.03882596558553537,0.03711916781277519,0.010396223767031972,0.017777595417668636,0.0032144770075975848,0.024229594228759907,0.004396226169718824,0.024019311847189615,0.0039482885445381154,0.01405861543992821,0.006290072988216072,0.001230354079116566,0.0016815654474777592,0.001579007435469822,0.0008545283001411962,0.0,0.0,0.0,0.0,0.024164262919896214,0.029354447744208246,0.03301321125516577,0.28070240550885417
0.050176530931486385,0.21473516107293616,0.02153143525896079,0.1543188358302433,0.039452903456148866,0.03772036246602849,0.010532748705068,0.017482963522375224,0.0033523684961878604,0.024461305171926944,0.0040230358184815225,0.02220444040209292,0.003633835121325187,0.01421116049136054,0.006363389083996531,0.0011351798890742743,0.002199568093603843,0.0016015324511376105,0.0006204350554733643,0.0,0.0,0.0,0.0,0.023547130178115903,0.029780037883257206,0.03307262265262133,0.28384301796809774
0.051313906573242515,0.21796958627742224,0.02164878899964718,0.1519858997501824,0.03962746357319337,0.03648056533217374,0.010550928562394212,0.018262270135032305,0.0039831809585665805,0.02375223852455723,0.004275931457535926,0.023077301150321756,0.0038101835546925375,0.014184334843452547,0.006112218264553803,0.0011860146263211562,0.0017977510138981884,0.0016039421434800541,0.0006291485310351413,0.0,0.0,0.0,0.0,0.024244340029163612,0.029102124028064464,0.03290447365609435,0.2814974080149747
0.049269946334260684,0.21737059504193867,0.02144955711611823,0.1536922615498853,0.03943257871945064,0.0363816269109518,0.011141744068987498,0.0177063689426323,0.003478648135068942,0.024483433657231376,0.004824080846624528,0.022778009071034507,0.003942583005988451,0.013780874722622105,0.006077624335794359,0.0011615841280979238,0.001673068949253877,0.0017533741927437882,0.000853007417426111,0.0,0.0,0.0,0.0,0.02411318367649337,0.029549828439693608,0.034285758213368885,0.280800262524333
0.05172892612577692,0.21977890674608952,0.021045513666838093,0.15550323823282444,0.03841766711477268,0.036403787889181485,0.010801989888672144,0.01802244459214528,0.003730226086677917,0.02313371778120536,0.004652708717612264,0.02326204509190583,0.003642670129632863,0.014543944618007778,0.006378077618014198,0.0013415233799987452,0.0016987325685560027,0.0016381451982929163,0.0007146692199113713,0.0,0.0,0.0,0.0,0.02383648262257168,0.02838807178025248,0.03403100709305571,0.27730550383800434
0.051856491855999144,0.21598099131616305,0.021728570374542684,0.15305101584054898,0.040620447204481956,0.03700835081428133,0.01046159640145711,0.01722632966879074,0.0038078462947040226,0.022988261233094553,0.00386914597543008,0.022739635117085266,0.0035545244916242572,0.013966011265175386,0.006412584534361212,0.0013542236486350557,0.0018358452626345309,0.0015362195797832203,0.0009118158861342391,0.0,0.0,0.0,0.0,0.022971363889261968,0.02955551223578403,0.033173705195437796,0.2833895119145894
0.05089556988891123,0.21842740297120988,0.02081244808300089,0.15490790773054477,0.03881732178879664,0.0353514978506982,0.010377443417608597,0.017416780319661467,0.003398987446282443,0.024138383721162664,0.004361972404559697,0.023280683999317566,0.00356990270994193,0.013318064353462089,0.0066189109468697115,0.0013098808186218004,0.0018213996034767762,0.0017228552158776958,0.0008020106450793447,0.0,0.0,0.0,0.0,0.024001802727483323,0.02910399788049937,0.03267812702634314,0.28286664845059084
0.050954520252926384,0.21357672516747214,0.02115067654112777,0.1560024486088833,0.03844335595255602,0.03654957207092424,0.010582227256143061,0.017775289152112066,0.003562026661790664,0.024155293159256786,0.004710020130461819,0.022695040676336372,0.0033809194455074834,0.014405754948506716,0.006062898965282204,0.0013145847602050523,0.001654680618952846,0.0016563522354869971,0.0007864591576480205,0.0,0.0,0.0,0.0,0.023369488845534244,0.029509615072298878,0.03392088752903614,0.28378116279155086
0.05090813774824413,0.21808684215201923,0.021806272908498302,0.15598720927280127,0.03833438593733366,0.037724049074819084,0.010359875005795032,0.017047883005779287,0.003666301158468615,0.02389429764815068,0.004521663316001954,0.022132190365202597,0.003745859776424637,0.014205006256863082,0.00637234499915922,0.0013582095863769008,0.0017133043205592995,0.0015218926890168268,0.0007712361302051295,0.0,0.0,0.0,0.0,0.02300027929480844,0.028231836627640165,0.03349531004763401,0.2811156126781984
0.05124577220855557,0.2175468545340596,0.02149961944500904,0.1546458984023646,0.038605721603710494,0.03704428952167328,0.010339621595157857,0.017222530077469565,0.0037544179035075296,0.022678905798099447,0.0043325676822427595,0.02327117224598809,0.003863873067038398,0.014543178100604678,0.006184792434198912,0.001255134845681571,0.001611545303006336,0.0017186417561985557,0.0009409067820997285,0.0,0.0,0.0,0.0,0.02319314415777291,0.029126715879488126,0.03420203405726071,0.2811726625988122
0.04977157231140856,0.21636017500738683,0.02210186818630933,0.15613275511551508,0.03945491724535535,0.03723309829360137,0.010448168246087918,0.016955093369501913,0.003704550675926404,0.023905114838130286,0.0037673340484541155,0.022888150919951673,0.003927742851541878,0.014612663118642238,0.006237786252651773,0.0013452979479390028,0.0018038267376357313,0.001674570658937376,0.0008097533141653969,0.0,0.0,0.0,0.0,0.023622739933815546,0.028702311069941543,0.03356516201404094,0.2809753478430598
0.05122233708951601,0.21716682630989323,0.021307124491601836,0.1565267739058663,0.03939006951933821,0.036227740289971534,0.011236654526527827,0.01764550472021461,0.0034190551877381708,0.023678847261594756,0.004228152020437269,0.02357865068206121,0.0036860051809243766,0.014013973652478565,0.006137735825444611,0.0012840178778495003,0.0017844521977922509,0.0016242420300151441,0.0009170823639442445,0.0,0.0,0.0,0.0,0.023201112214944756,0.02832395277161178,0.0338087030507656,0.2795909868294682
0.05077926376910391,0.21654108411997458,0.02101663410027868,0.15253592131540356,0.03922410806375921,0.03672610621466948,0.011383328870020946,0.017226221323831427,0.003381829582325117,0.02345605861598985,0.004697676736296814,0.023380941045682238,0.0037788811715755294,0.014428680023591498,0.006458667442446232,0.001284363374859013,0.0020042532176140853,0.001815623569957,0.000791472949832541,0.0,0.0,0.0,0.0,0.023742890588825463,0.027760684747702512,0.03393111547136536,0.283654193684895
0.051695492877197366,0.21571965713012786,0.02056855074815806,0.1532836517633764,0.040166983943937626,0.036311137232867205,0.010288310897765846,0.01758012410008551,0.0035607162335953278,0.02345294538247371,0.004080058958395626,0.023678676550467365,0.003886517946030689,0.013988960954296682,0.0063289056273588395,0.0013062938877499177,0.001963600046649995,0.0016780085527063316,0.0009190549237034539,0.0,0.0,0.0,0.0,0.023853926982735557,0.028242196579019097,0.03435367823650388,0.28309255044479764
0.05077177349178188,0.2178138715401591,0.021204296675867644,0.15668712977400678,0.040231478928164616,0.03656567573019378,0.010592116401646078,0.01771943014391733,0.0035082035056559894,0.024594616426390253,0.005016385449061767,0.02321711877392666,0.00390219270967401,0.014083384797364864,0.006265091919100166,0.0012198371758241177,0.0017477453076856684,0.0017716682763707354,0.0007962899423352548,0.0,0.0,0.0,0.0,0.024096750917005687,0.028077313397615804,0.03366411157967041,0.27645351713658145
0.050482833572182695,0.21573006708989384,0.021155087156799656,0.1543735372154005,0.0406606196733618,0.03581259921620542,0.010308297325506876,0.01737862926314772,0.003664411269905623,0.023245469617276197,0.0046751983381721155,0.02356700777815892,0.0035487063631968697,0.014090471880538436,0.006207624981837278,0.001313711551907859,0.002136327064539552,0.001606019809834244,0.0007924366520950906,0.0,0.0,0.0,0.0,0.024299911728412924,0.029252158364156938,0.03476202928417734,0.2809368448032921
