Number of Parallel Issues,Number of Prior Comments,Is Cross Projects,Number of Similar Failures,Is Shared Same Emsg,Is dependent,Is Blocker,Is Reference,Is Incorporates,Is Regression,Is Cloners,Is Child-Issue,Is Required,Is Supercedes,Is Container,Is Problem/Incident,Is Blocked,Is Completes,Is Dependent,Is Parent Feature,Is Dependency,Has Config Files,Has Source Code,Modified Source Code Files,num_of_tests_failed,CI Latency
0.027299750351651463,0.14278291623396755,0.012955070896789092,0.1881585663152871,0.1506565361473539,0.008521076138739567,0.011859864832125847,0.019844740644161595,0.004011691650657975,0.0069727410120953804,0.005079001769744199,0.0,0.003998423990802825,0.0008104516242765022,0.0030456967792832895,0.0068805320319692675,0.0,0.0004444376585121633,0.0013710151802507303,0.0,0.0,0.020597978165973026,0.011579605233386147,0.09786067723928396,0.1322391700198145,0.14303005608387392
0.02563661288984967,0.14224228688445634,0.012821709371590828,0.18984814531147867,0.14978574199822212,0.009096832900309465,0.011301975412890934,0.02091232050554536,0.00426844977632279,0.007020151887841814,0.004837332297829245,0.0,0.003867287328110507,0.0008029347193552964,0.003034575477986759,0.006537476036627969,0.0,0.00044501403789005983,0.0014381872389203818,0.0,0.0,0.020749354239655477,0.012015004320045652,0.0959985866206679,0.13205993083229592,0.14528008991210686
0.02677504509280998,0.1412512146517121,0.012450498194178596,0.1896377476159375,0.15192040509054228,0.008840123211888724,0.011697096353323354,0.021176827822843268,0.00406042355560949,0.006925315695069217,0.005345949319114969,0.0,0.004128593482649556,0.0007357402029367352,0.0026040258752387216,0.006495405750947143,0.0,0.0004959615416480428,0.0013719932719528116,0.0,0.0,0.020055631677487744,0.01154129199079683,0.09448503881491184,0.13560566269456875,0.1424000080938324
0.026143438586441886,0.14131369943943003,0.012879143044368473,0.1885424836360366,0.15278675874553602,0.008924841265342955,0.011914692250104868,0.02099605839360106,0.00415852698069274,0.0084552847400152,0.0051975142949077496,0.0,0.00398404497073197,0.00074329348987367,0.0031886740723731212,0.006080620918444471,0.0,0.000501452484907866,0.001317692784809406,0.0,0.0,0.019708656855416583,0.01210929914574411,0.09744126961187964,0.12857109068664804,0.1450414636026935
0.02612665376488253,0.14397532381056788,0.012603953911149143,0.18939925041157987,0.15361540171830215,0.009206706164355481,0.011660097886995421,0.01994561815775216,0.004323187904069907,0.007002909566619408,0.004533643011119011,0.0,0.003944274307774692,0.0007907698990856744,0.002710972943800894,0.006821489481571195,0.0,0.0004999968878889959,0.001315534712154692,0.0,0.0,0.019527166645293432,0.011333273935202724,0.0967646542559831,0.12940410356344512,0.14449501706040657
0.025762504708805943,0.1446364097995978,0.012488505737537344,0.18902436223854044,0.15049481025741834,0.008959658158458363,0.011570505015461096,0.02022745460235545,0.004333921421983726,0.007185734646365878,0.005039144985951754,0.0,0.0038002360976882935,0.0007478041265857997,0.0029215312098611846,0.006492998795082959,0.0,0.0005462718482967517,0.001227745337194382,0.0,0.0,0.019879744295722306,0.01176094727025303,0.09786939320399182,0.1317315094357423,0.143298806807105
0.025875172773536532,0.14496169042216317,0.012477006931886416,0.19192231977891483,0.15015728231698272,0.008804868026884004,0.01146977769167917,0.020755617410013923,0.004100662679360568,0.007981285102825798,0.005128798387218912,0.0,0.003677729237738751,0.00086079604926806,0.003201880237789554,0.0066387897816837516,0.0,0.0004672219076991827,0.0014072631340203672,0.0,0.0,0.02092081933306894,0.011466265768636418,0.09545521386865963,0.12982211099780477,0.14244742816216452
0.026461088055643494,0.14145465737270166,0.013018137596289569,0.1885972070853415,0.15208039026341724,0.00856828175622584,0.012260134203948872,0.020086199639383417,0.004302056475631491,0.0068711969381863944,0.004745502758095453,0.0,0.00379790113420195,0.0009253393160252095,0.002923454698943523,0.006625780673852713,0.0,0.000406362233518006,0.0014980105657646588,0.0,0.0,0.02095359596162262,0.012126068327622102,0.09630262487662694,0.13101468984786435,0.14498132021909302
0.024301608957581454,0.14257100523135086,0.012963696945852246,0.1891680959511194,0.15133457824885885,0.00859652934658623,0.01218043221072287,0.020554064273697208,0.00412036834517725,0.007293687855545024,0.004874687065746851,0.0,0.0038633016939799425,0.0008047803375833086,0.0026372245659200197,0.0066025672340328315,0.0,0.00046816814800802335,0.0011824039048031973,0.0,0.0,0.020516916991784435,0.011647685322893815,0.09843543531911685,0.13129677997775396,0.1445859820718854
0.02700037620107401,0.1425593536062712,0.013378199593370093,0.19092071242460246,0.15172886491447607,0.008797016255276013,0.01161428535608229,0.01993753892818987,0.004389433090609765,0.006969902958467731,0.004511278270627357,0.0,0.00408004905425444,0.0008625737445499538,0.002621765297273833,0.006283424589570605,0.0,0.0005451192556468322,0.001337822984087261,0.0,0.0,0.019676369815306495,0.01163205465613422,0.09530951677907236,0.13240647967797892,0.14343786254707822
0.02605881436455178,0.1427434436706329,0.011806502515385295,0.19045568286121634,0.15199715957145718,0.008633301872881515,0.011290894976111455,0.020161403916887234,0.004247446817451912,0.007254866569540252,0.0051711364139725696,0.0,0.0037186941628559317,0.0009464536687683883,0.0030361358361415784,0.006735357037551246,0.0,0.000501211892688767,0.0013118917840989337,0.0,0.0,0.02061415648398797,0.011472416065445856,0.0986478203397729,0.1299728302564226,0.1432223789221775
0.026248154854548574,0.1433826131898938,0.012703451009855019,0.1900991102535703,0.15223689899602874,0.009181512987556685,0.012304484667661795,0.02103563877254421,0.004155500185625329,0.007616606983116702,0.005153265509322593,0.0,0.003867979737980271,0.000867968208361876,0.002777267526711715,0.006097815443252326,0.0,0.000421491085270309,0.0012348273716798347,0.0,0.0,0.01985545559345691,0.011839303777527958,0.09812429325220015,0.12918363284112008,0.1416127277527149
0.026031886150131172,0.13887373706714407,0.012893235301139274,0.18972775949165196,0.15147531322928132,0.008957599534126623,0.011330108509160688,0.020615700742245904,0.004011165985491544,0.006752841440407342,0.0051002267245730485,0.0,0.0038450276125771175,0.0006151372119351948,0.002893469457025778,0.007487606940308517,0.0,0.0005123017887115395,0.0014386013027928052,0.0,0.0,0.020699099442116516,0.011416579153031629,0.09816415386316138,0.1322630140745788,0.1448954349784077
0.02667611008710068,0.14036187441085785,0.012833019285944583,0.19018644212348773,0.15277790105567696,0.008812997342292576,0.011197390893837145,0.020440192565130095,0.004296503049307563,0.006518371534494088,0.005139601299733771,0.0,0.004155311279403809,0.0007428811759831547,0.0031585865262692032,0.006934889735065948,0.0,0.0006101047866648122,0.0014093905927606524,0.0,0.0,0.020423117783336227,0.011565495521635107,0.0952039614821282,0.13506001754788519,0.14149583992100467
0.027269280896755593,0.1433395830236539,0.012246557872958017,0.1916936797004731,0.15036093927927976,0.008516689956262901,0.011879387273396092,0.020474863704777975,0.004418843991731827,0.00789073451444991,0.0043441686257341605,0.0,0.0034923747007483117,0.0009012267011762193,0.0031792232311089125,0.006557384383110483,0.0,0.000539436675071946,0.0012477227734978417,0.0,0.0,0.019912593830401035,0.011340760298010993,0.09752611383949139,0.13095747792023069,0.14191095680767893
0.02787157974341744,0.13998484233283343,0.01262418966789911,0.19114802823376775,0.15245333923315849,0.008948192514071796,0.011817308082172273,0.02045852515866634,0.004328667235402992,0.007430271346641844,0.004852686473244411,0.0,0.0037816201273614416,0.0007588714012525487,0.0030191628856885335,0.006571417529202368,0.0,0.0005836495292718915,0.0011766901783856296,0.0,0.0,0.019535828179358068,0.011718636678807445,0.09754189432003438,0.1319592369521568,0.14143536219720504
0.02578157056838302,0.14327483586707895,0.013067702776537979,0.188811490967177,0.15097492681215688,0.008548623204750402,0.012055543699776426,0.020265384394849047,0.004527557992820415,0.007647123125458374,0.004488885246989274,0.0,0.003929140397499283,0.0009585860434988498,0.003283998969846414,0.006785028957831493,0.0,0.00044907746100810163,0.0014028682986863266,0.0,0.0,0.01997107080886807,0.012601020164268218,0.09500341382686664,0.13173785617322128,0.14443429424242757
0.02644026991042663,0.1418397668666198,0.012487308178913487,0.18733407679944344,0.15391416958992069,0.008962546975364017,0.012262157902660647,0.02068603185985924,0.004083140249868086,0.007851815835100723,0.004922869780584797,0.0,0.0041991331990934985,0.0009031452603416361,0.002945571828385183,0.006779058031807027,0.0,0.000658783207225248,0.0012961657553328752,0.0,0.0,0.01988068291629278,0.011450168601059515,0.0990089284604767,0.1308115576135292,0.14128265117769484
0.026065991299924773,0.1442987102111437,0.0124524915280981,0.18863826638861209,0.15004271566457067,0.008862591356538786,0.011528237988349484,0.020591063241517892,0.004270993445957168,0.007474194944169071,0.004996401120509757,0.0,0.0036250726410362983,0.0008632780611338723,0.0033415844817801356,0.006481732035839118,0.0,0.00045574413185805725,0.001274982377273562,0.0,0.0,0.020008410832303147,0.011485755770521364,0.09604348386676145,0.13310498448497812,0.14409331412712334
0.02811641563593085,0.14411671943249243,0.012298011719922458,0.1875005242692944,0.15105495894092852,0.008530243885801887,0.01161817908334837,0.02037167529921078,0.004316571626757168,0.00832698651795476,0.004846989538522262,0.0,0.003964099695450552,0.0008728817405467767,0.003151803283111242,0.0063627002849120555,0.0,0.000598080317951372,0.001282836521291918,0.0,0.0,0.020047729301929704,0.011667146212967962,0.09620300781809303,0.12984192519004317,0.1449105136835383
0.024347648848741257,0.14117662101494505,0.012443863282963147,0.1895770746269837,0.15090978815226758,0.009013945010137886,0.01164113369202423,0.020954877301779494,0.00421242606228305,0.007626861639330347,0.0045652311612990795,0.0,0.0041343547601279205,0.0008619690129872328,0.003452468306412384,0.006919739279162991,0.0,0.0004748435898871563,0.0013262856008303943,0.0,0.0,0.02018630519992608,0.011629920354813814,0.09706350145057449,0.1322712315872283,0.14520991006529443
0.026369789817964007,0.14552354336662907,0.012544748230349156,0.1879856425242329,0.1504568664313323,0.008643941630925429,0.011667680403055944,0.019881475978161436,0.004307318289177184,0.007117066273760864,0.004710457580499336,0.0,0.0037844111891449637,0.000924291025783863,0.002840630083043572,0.0069443875335563395,0.0,0.0005207901193799126,0.001366809966471367,0.0,0.0,0.020992282984336075,0.01139758428753244,0.09681567859061121,0.12924133356961534,0.14596327012443738
0.027187744931615476,0.13990063850629883,0.012719726966349728,0.19212587700431244,0.15043123788616397,0.008804262621493456,0.011893951831548387,0.02008052084237859,0.0041429784982557885,0.007815875678534239,0.004631213435176802,0.0,0.004061527261001253,0.0007856743201549567,0.002994044549262869,0.006427087448350166,0.0,0.0004580452402246088,0.0013570870372489716,0.0,0.0,0.020096740745005216,0.011767022791909146,0.09724317252271691,0.13027042115703705,0.14480514872496125
0.02652257453443675,0.1398019755740289,0.012831989911181915,0.18900606138098308,0.15251092451763687,0.008712939386566719,0.01168067114195942,0.020931113384543593,0.004347700228088933,0.007165531697146189,0.004266173272721045,0.0,0.004128359805738796,0.0008266468740311478,0.0025892896679335373,0.00679089900293523,0.0,0.0005269710761251584,0.0012701040984469782,0.0,0.0,0.020673952825208505,0.011279368768545496,0.09663893153703661,0.1331888100767579,0.1443090112379473
0.028169428418245872,0.14211007832914982,0.012039132274751368,0.18833512214575449,0.15390975420426817,0.008798894559409869,0.011658999859241915,0.02032478258957556,0.004311621021963545,0.007107501884636517,0.004863037065486434,0.0,0.004128798685508786,0.0007704368823488722,0.0028791683629940555,0.006687626011220521,0.0,0.00047566653582712575,0.0015405977831043423,0.0,0.0,0.020281549764814603,0.012028259797342549,0.09797153813969284,0.12981727803795076,0.141790727646712
0.025865432739799483,0.14600209435850195,0.012891322096846309,0.18827827008859632,0.15109416772997714,0.008687133589351456,0.011602429503338105,0.020813753434982096,0.003918347828031167,0.007142677755464288,0.0051608907987952335,0.0,0.003644351424465915,0.0008876577449147093,0.003092037206142429,0.006813960086563002,0.0,0.00040792313041527464,0.00142836422333612,0.0,0.0,0.020041585934132265,0.011502960011376684,0.09782663536897432,0.1302800255623191,0.14261797938367668
0.027240142551084562,0.14572519190425512,0.013240993910371573,0.18483598116006322,0.15126528736838496,0.008855885718839074,0.011347831008764889,0.020575150885701478,0.004307395858642154,0.007432976347182293,0.004449786860667265,0.0,0.00395646256995678,0.0008732481849387357,0.003263544500217341,0.006468592053566084,0.0,0.0005012390640815911,0.0014727429520834182,0.0,0.0,0.021297425211211325,0.011357972436114952,0.09736018654961265,0.1309968957506647,0.1431750671535959
0.0253246750864062,0.14457245791428722,0.013007563949642125,0.19035336327749935,0.1491515463983144,0.00907206578905315,0.011555868633961918,0.020024239865258253,0.004398597805888335,0.007562665128420383,0.004641716093507558,0.0,0.00396153598603119,0.0008773676117677812,0.0030938364691890366,0.006833543755153268,0.0,0.00042960345076653095,0.0014738540291324065,0.0,0.0,0.020528822671894466,0.011597973291624371,0.09466812799751866,0.13390424600307305,0.1429663287916104
0.025350301262178382,0.14109135927626687,0.01274746194788375,0.19201330632464578,0.15084018486362907,0.009236705999177298,0.012062592354693402,0.020143871768402145,0.004538142209321511,0.007622016060427378,0.005154973240567292,0.0,0.0036880800262525633,0.0008739045183918754,0.002801649437948046,0.006636862557879429,0.0,0.0005232332727146899,0.0012720992244311807,0.0,0.0,0.0196672353759703,0.011039141430909376,0.09775971500954286,0.13119544521815057,0.1437417186206163
0.026473866060711605,0.13802412650661328,0.012567842545169669,0.1873209450096069,0.15240682036574915,0.008771785228797646,0.01242141788208332,0.020767361498978808,0.004146300436263124,0.00679350935363047,0.004375386945810427,0.0,0.003797350368539787,0.0007987598971055223,0.003274177723292385,0.0066469357123089354,0.0,0.0003945142328554109,0.0013003214141409708,0.0,0.0,0.02044439294153105,0.01249956488817065,0.09751357306771173,0.1321128103143814,0.1471482376065478
0.027108460935648733,0.14237757636945492,0.013370252588844767,0.1853466530728287,0.14889894877457532,0.008542419911573059,0.011744960240696527,0.020543196794455272,0.004101193639148841,0.007730112161597738,0.004202034254961398,0.0,0.0034355141128930766,0.00086696562022325,0.0028731615800996297,0.0069258927526124146,0.0,0.0005267278279507163,0.0011742114808693611,0.0,0.0,0.01951272376374321,0.012088091273578318,0.10034193599008001,0.13310591834931232,0.1451830485048525
0.026855177326229118,0.14281557967653774,0.012242090939678842,0.18864781346047707,0.15074880983949282,0.00885932540563589,0.011005272618520074,0.019994536270413803,0.00393869001168652,0.007546698531348697,0.004110697716701789,0.0,0.0035872307086435595,0.0007295119109327424,0.003110479184182268,0.006896112824665207,0.0,0.0005281557641542722,0.0013824042374800706,0.0,0.0,0.021084855949707094,0.011600893071575274,0.09827115074489681,0.13241430130496554,0.1436302125020748
0.026264338598412547,0.14489762054015884,0.012919903851761186,0.1908207572728918,0.15193749618929497,0.009059325511461606,0.011231304498389345,0.02002021670401937,0.004165501394455665,0.00653492378696042,0.004859838077097206,0.0,0.003900290182872342,0.0008233142724744164,0.0031696903966461657,0.007154272684256595,0.0,0.00045667277957515425,0.0011981587959631246,0.0,0.0,0.020162702626433042,0.012014923020242235,0.09763716193639084,0.12963767548444333,0.14113391139579984
0.025945337320933497,0.14051864858411228,0.01275727084843547,0.18913601860074838,0.15287561460697618,0.008497010181478432,0.01184778663275276,0.019827439862908927,0.004295076892690542,0.007379049202339305,0.004597167182273697,0.0,0.0039621112042539895,0.0008807386936045697,0.0029562515751550165,0.006967926853413896,0.0,0.0005093971143868529,0.0013245390556585912,0.0,0.0,0.020514392406905613,0.011653891801639553,0.09748907951784912,0.13110873594948108,0.14495651591200226
0.025458187445604075,0.14169653641854152,0.012828601763934262,0.19057243981226063,0.15246664487025346,0.00822336255864049,0.011346988690431494,0.020783090799852032,0.00412021904432385,0.007963865045092612,0.004477664812178013,0.0,0.004335069998058139,0.0008282143140345866,0.003152999106269093,0.006887408136386834,0.0,0.0005566719393147754,0.0011269127016766004,0.0,0.0,0.021127559371504886,0.011312825854822892,0.09760912956725869,0.12957202265583387,0.1435535850937272
0.026187323917281152,0.14173461433457807,0.012536114111444358,0.1879361877541989,0.15150545962272904,0.008892520866317699,0.011865379785490335,0.020437347487998414,0.004382635017795834,0.007062633750690152,0.004677674938379985,0.0,0.003990233072225472,0.0008355538194453809,0.002762621719088405,0.006517704508910749,0.0,0.0004664364784941581,0.0012286765147404824,0.0,0.0,0.0203289127641997,0.011760163482237164,0.09617106783046706,0.13203558132957743,0.14668515689371006
0.02700029385247934,0.13990950566355317,0.012801184631228082,0.18961780960703364,0.152262625260021,0.00897468034421801,0.01204519779894502,0.020766182199097722,0.003965330122459533,0.007751085955922164,0.004521218679457399,0.0,0.0041866825287741865,0.0008893507037533119,0.003146621496047786,0.006860257300915838,0.0,0.0005377094023586305,0.0013922824644858544,0.0,0.0,0.020290878121236186,0.011495630940544918,0.0975802445079101,0.1303798221082039,0.14362540631135431
0.026414203852512863,0.14349981637307196,0.012160322395291434,0.18937911153214382,0.152742054765204,0.008768712504973308,0.011856766843614305,0.020290996599157403,0.004188383060574565,0.00708223423997064,0.005005573339395763,0.0,0.003926426638084054,0.0007343412221433678,0.002637917959182454,0.0064420995058815655,0.0,0.0005554415567161533,0.0012763024868836174,0.0,0.0,0.020561044715706942,0.0112227852795285,0.09604607458957061,0.13106998015082758,0.14413941038956513
0.028625630746185533,0.14275398622591626,0.011960727792573182,0.18832833796528803,0.15092250569393642,0.009011895382501217,0.012142335306066994,0.020372214376551366,0.00427074457349271,0.007301988537078315,0.004847532747051667,0.0,0.003801035420020469,0.0008739015519665149,0.002869784855698489,0.007061079302938943,0.0,0.0004901759679158456,0.0012699141919158747,0.0,0.0,0.020223771518846464,0.011708294395450678,0.09608189683950898,0.13188518905474517,0.14319705755435091
0.02662919261545999,0.14297213190138544,0.012999912654847743,0.18703476469846428,0.14933595103303055,0.0085790883396329,0.011234797021690874,0.019964248921330148,0.004441210484292959,0.007545154720229058,0.004686964241696248,0.0,0.0037497712841385944,0.0008213274577918081,0.0030065531542019215,0.006535046298256321,0.0,0.0005910112614905128,0.00130934884825799,0.0,0.0,0.020059780456486834,0.011951164667176736,0.0998141884094659,0.13095595472245886,0.14578243680821434
0.02554519803932151,0.14262983788848208,0.012649452052772032,0.18965074567500514,0.1527814892577771,0.008671940668281882,0.011436566779115824,0.02075209748740133,0.004358224744301937,0.007236180467958038,0.00464712516497879,0.0,0.0040611808108611544,0.0009186635170196722,0.002980625735217149,0.006717087307626312,0.0,0.0004626237501180872,0.0015074201762339736,0.0,0.0,0.01954733369354803,0.011638887913190784,0.09817019132944077,0.13009322797847575,0.14354389956287267
0.024724812995419867,0.14050034514426896,0.012795088475695025,0.18916904339474788,0.15229997412869006,0.008843445418123022,0.011831666719325352,0.020637030644318176,0.004437903503445448,0.007017459568970955,0.0050556003811560585,0.0,0.0034040836034880404,0.0008451063486283591,0.0032286754931998536,0.006987633715799609,0.0,0.0004804282920299762,0.00133908976610578,0.0,0.0,0.020872483030660048,0.01207419044738626,0.09568893719047517,0.13308532751059654,0.14468167422746953
0.026429979863939877,0.14364723349988054,0.012907591805277943,0.1885364730787758,0.14938902551321073,0.008939532329214675,0.011660854340029706,0.02024114810772424,0.004146049306702522,0.007382153124539967,0.004899689201182299,0.0,0.004089597394765402,0.0008737895976247634,0.0027971433796107666,0.006679272901535749,0.0,0.0005530107428877444,0.0015010396438724875,0.0,0.0,0.019903180031115818,0.012284032171112439,0.09832719114476703,0.1303811624058445,0.1444308504163851
0.027114044866740163,0.14370133082826714,0.012807366627061719,0.19283362979756766,0.14899067352314996,0.00895257999014245,0.011446785035765338,0.02032765102106854,0.0044438179277136195,0.007237404279143054,0.004526005312573805,0.0,0.003985427500175795,0.0007734469925460713,0.002857724532536815,0.006473949647559119,0.0,0.0005031104322853776,0.0013841374971718774,0.0,0.0,0.019523161031048546,0.011724627286324545,0.09802418755427927,0.12894793430819568,0.1434210040086834
0.025147125468218345,0.1438877170266983,0.012569769025241045,0.18577397848337635,0.15312124812036143,0.009162305740173708,0.012368420799534995,0.020724088896795924,0.004455915486297438,0.007302243564270994,0.004986672085713595,0.0,0.003997791555229475,0.0007520394893243968,0.0027301278677034496,0.006803314910368422,0.0,0.0004810273706518398,0.0011941100253751165,0.0,0.0,0.020322919265880805,0.01211342177893,0.09752793248704691,0.12941719619952166,0.14516063435328577
0.02707855972932331,0.14113519909887245,0.01267271702654591,0.1922456154998686,0.15275385977689,0.008977985027049568,0.01165872509719398,0.019550976725053692,0.004293162283270283,0.0071114834034440855,0.004394601902356724,0.0,0.003824594211656275,0.000668486098592342,0.0032755058227678137,0.006534348456718254,0.0,0.0005506913068781154,0.0012664576303828407,0.0,0.0,0.02065639380832863,0.011940056534279512,0.09491927216428328,0.13271681026571527,0.1417744981305291
0.026503020373017334,0.14357237314856203,0.01244127418702991,0.18796906525481466,0.15119902760539172,0.009305136606444697,0.01138778880551317,0.02072148602613088,0.004347169039202475,0.007185451002179511,0.004596740123499201,0.0,0.003676363464058279,0.0007295197742399082,0.0031525487426473813,0.006147380550052457,0.0,0.0005073172277988309,0.0012855963231663452,0.0,0.0,0.02079609365827368,0.011512451537170554,0.09658848982089552,0.1329596847118892,0.14341602201802228
0.026077886597379484,0.14087544664609578,0.01261290703315123,0.19052328988814726,0.1502639277132963,0.008453619585539805,0.011784869424537015,0.020362280127183007,0.004896948066118114,0.0069682200031277956,0.004685087040935427,0.0,0.003972994286502064,0.0007120151390546228,0.0031919037961141692,0.006368614291586137,0.0,0.00041885696230903427,0.0015258187951620573,0.0,0.0,0.021025572327345317,0.011454373309168908,0.09642063828782262,0.13417007608454112,0.14323465459488272
0.02587394187210524,0.1419331521997275,0.012757323803386105,0.18955045240300075,0.15004805373096647,0.00865088005509348,0.011904177579662428,0.02085004620554929,0.0044226955280968865,0.007158660770355138,0.004486237404070132,0.0,0.003916093637991962,0.0008143722160816496,0.0031729675421698278,0.006496574758304496,0.0,0.0005647385357104998,0.001504122861259027,0.0,0.0,0.020192786623682672,0.011973583681750404,0.09852656519037913,0.12999338748152522,0.14520918591913173
0.024975618835632405,0.13988340320199635,0.013033535630587451,0.19291872922155057,0.15210490352474398,0.008688825390644911,0.011660495791524,0.0212273551726914,0.004239381415731766,0.007187979407038627,0.00428323738850943,0.0,0.003446060648734886,0.0008075395470607075,0.0029900115056388844,0.006898892882681475,0.0,0.0005892644333289592,0.00156671806895381,0.0,0.0,0.02073165058006146,0.011434126096656476,0.09654502339535012,0.13187394603689684,0.14291330182398546
0.025588535199626096,0.14333946267372852,0.013203789616140448,0.19167431912672786,0.14999650262381464,0.00948646615791553,0.012066497756898529,0.019914261632994243,0.004404218832317324,0.007462203608805498,0.004934854305810396,0.0,0.0036763469829734136,0.0007243441081336849,0.0030597632862905382,0.006588729682253221,0.0,0.0004968738563131644,0.00143732899323557,0.0,0.0,0.019306500778219486,0.011529101971931294,0.09709004513052964,0.1333090925153889,0.140710761159952
0.026622666827308395,0.1470706287980174,0.012262711571472112,0.1879402577981045,0.14889187061061956,0.009080755189228162,0.011360834095748288,0.020001478871997682,0.004152887506973553,0.007688114308208744,0.004750268801591612,0.0,0.004380064230110282,0.0008195098920566475,0.002994139531204753,0.006437518178628277,0.0,0.0005112107230228555,0.0012873009765267118,0.0,0.0,0.020238272717714972,0.011774179252244336,0.09854877136423161,0.12867254003116865,0.14451401872382097
0.026606115139014237,0.1372556729545519,0.01290296092689075,0.19298940632337389,0.14839046966111086,0.008803326019908898,0.012238218183251211,0.020868341414066786,0.004377639259644618,0.007527016643596491,0.004055720553471894,0.0,0.004166840182502301,0.000943929362251545,0.002950393006314054,0.0064374415653445744,0.0,0.0006243060501824562,0.0014084668319178494,0.0,0.0,0.020259758913727922,0.011720425982650912,0.09714630903629952,0.13522239088454852,0.1431048511053788
0.02659170348112653,0.1465228376766086,0.01252805224261885,0.18899298780418633,0.15051441379152775,0.009101626937388963,0.011482578188613993,0.019956939357389524,0.004195083692117978,0.007366135549377924,0.005035194245841615,0.0,0.003794522116010572,0.0006950053565833433,0.002556325405644231,0.00700698747436958,0.0,0.0005131074143082483,0.001275365268197858,0.0,0.0,0.02003611005333532,0.011556749929810628,0.09801264047494099,0.12886709583093786,0.1433985377090633
0.02544524534048826,0.1425882900804851,0.013237151807912522,0.19178075135620126,0.15415744983056234,0.008715305028570937,0.011765351676078627,0.020260457750113862,0.004304153928175912,0.007381382951628553,0.005162341782287024,0.0,0.003665763106896739,0.0009269883960237588,0.003044035042626996,0.006525292859721174,0.0,0.0004204421973623256,0.0014401092308710737,0.0,0.0,0.01993171057362502,0.011643322914569007,0.09468122427986649,0.13049091466965476,0.14243231519627833
0.027626804029695713,0.13976335939725207,0.012518279291566898,0.19029104445016598,0.15041741860694763,0.008748986260001425,0.011764453804615623,0.020341509050568946,0.004434541092632803,0.007979875964556193,0.004824225213572463,0.0,0.0037974045175170335,0.0007666124569188535,0.0026060245008255978,0.007008843803643168,0.0,0.0004552422980822615,0.0013830899779594971,0.0,0.0,0.0202185374828411,0.012108178597007893,0.099279585406334,0.12967846586330664,0.14398751793398823
0.026658602018233262,0.14357637489494227,0.01278310541163267,0.19094609119359027,0.15254227739135356,0.008975315541395685,0.011636571426337377,0.020673201622143648,0.0041171061868730775,0.00707103326317834,0.005008747764556065,0.0,0.0038834636609830437,0.0007170866241301782,0.0030234664898662967,0.006537127366854389,0.0,0.0004678941474201388,0.0012651254997759942,0.0,0.0,0.019664758042888024,0.011106723803308936,0.09641546491702514,0.13223224581099371,0.14069821692251794
0.027091887732375856,0.1425568216110702,0.012691531892151381,0.18810995023134727,0.15107270350887825,0.009401745223095007,0.011417883895008354,0.019929073506079763,0.004369634892140294,0.0066552408829514045,0.004437910013481332,0.0,0.004014183901886047,0.0009291057602643177,0.0030245773601731887,0.006676278023208098,0.0,0.0005426311428222766,0.0013796636903793276,0.0,0.0,0.019558295386000922,0.011638972926069238,0.09785973858157526,0.1342304546252165,0.14241171521382578
0.026578495029512518,0.13921492030637278,0.012774667194001768,0.18811950512783718,0.1520367947284968,0.00938091192385804,0.011375980700241388,0.019815469362812956,0.004306573356649637,0.006890489739728172,0.004387613614619144,0.0,0.004169304340290943,0.0010734038250598814,0.0027130271633194424,0.00692939276704554,0.0,0.00044872445076731714,0.0013932829319568429,0.0,0.0,0.020521147462388492,0.012305728449029479,0.09737335074606457,0.13280922588837601,0.14538199089157114
0.02575214112878631,0.14460894163021634,0.013121708668878504,0.19257346803606973,0.15068173519284045,0.008078975540991615,0.01177376842478421,0.02133276788031413,0.00402545065029323,0.006908665740335355,0.004401191481623308,0.0,0.0036095943906904716,0.0008646139912304819,0.0029526681367660814,0.00683878874116633,0.0,0.00044979648710995884,0.001324236529551707,0.0,0.0,0.02073937459622365,0.011388380133683866,0.0951456401022168,0.12921462836159958,0.14421346415462793
0.026708297243019364,0.14405247527684822,0.012880056994434546,0.18961121445042223,0.1473518464896647,0.008994019965761674,0.011385377591891396,0.020664866928752006,0.004267561322778224,0.007255894627873363,0.004208943599671281,0.0,0.00363924546122189,0.0006852456432366445,0.0031886015312980387,0.006599380196461881,0.0,0.0004418806533400601,0.0014877845497105178,0.0,0.0,0.02025168939550327,0.011495771877714136,0.09888128771796333,0.1315446549514108,0.14440390353102245
0.025814444563916617,0.14117506031968685,0.012946165694866122,0.18904778143013964,0.15083391899199766,0.008711818984385675,0.011925351251638518,0.020867398786622235,0.004362282866347271,0.007683959455088986,0.00488930189930107,0.0,0.003983921271677748,0.0008548931412578085,0.002788985632032573,0.006510210933893599,0.0,0.0003775334203308595,0.0013719068346969726,0.0,0.0,0.020590979993139046,0.011385290233290695,0.09621039565585895,0.13203871808464757,0.1456296805551836
0.025643152538690706,0.14087410024259958,0.012747148124521662,0.19040523905824516,0.15114985202315567,0.008835288707703209,0.011717750523360737,0.02038021356000158,0.004416166119053459,0.007590512912295844,0.004874563337485026,0.0,0.003929666286229062,0.0008212237785072358,0.0028601801584535102,0.00616784814941009,0.0,0.0004821101879922313,0.0013682189595092965,0.0,0.0,0.02063698449190511,0.011804135814648769,0.10004780505106928,0.12909278822511602,0.14415505175004673
0.02795126066229502,0.1453694459589906,0.012384339554174673,0.1886304605838793,0.15266060871222764,0.00856377965644423,0.011425406372326934,0.020335018450270668,0.0041360540671550915,0.006317139307494846,0.0049986686533978145,0.0,0.004018045672800423,0.0009402742398264823,0.002986295982175395,0.006547220028260872,0.0,0.000496114508960797,0.001302288645900968,0.0,0.0,0.019698086766200443,0.0114646096038544,0.09604450240274667,0.12914470552843008,0.14458567464218666
0.02636507513214893,0.14209728173085076,0.01256145604214239,0.19010653438293829,0.15129426070447877,0.008393667373200003,0.011581294631503918,0.020434762829552724,0.004074035932071902,0.007413616558391928,0.004604719028342533,0.0,0.003914410218836911,0.0009108274036451532,0.0027726158831178132,0.006641224428377073,0.0,0.0005708054814227493,0.0012497843252167616,0.0,0.0,0.02043812905408699,0.01227794754478614,0.09722334075893432,0.12987218960765995,0.14520202094829396
0.02648260093595165,0.13875961017620883,0.012463999247410642,0.18941972706807308,0.15230667925454144,0.008728058386566467,0.010964957389348166,0.020415539709384437,0.004262318771398795,0.0072845341028012055,0.004943039822273401,0.0,0.003932462998120959,0.0007770833981407142,0.002997967459305912,0.006498341818633136,0.0,0.0005265497764467381,0.0012696321780077044,0.0,0.0,0.02039492142898295,0.011609047661671715,0.09823466108167597,0.13189167479045463,0.14583659254460152
0.02585502449854719,0.14293560928826088,0.011993935597120952,0.18686600474235077,0.1522125766118394,0.008652174119384232,0.011860600732078183,0.020138873952303293,0.004398840306487252,0.00805247768865799,0.0045131360787306184,0.0,0.003736851375633977,0.0008186364735340434,0.003275875899550266,0.006512693166122524,0.0,0.00048332215465350084,0.0013470427738465475,0.0,0.0,0.020799377308007024,0.01155552777308611,0.09681275474946661,0.13322253985306506,0.14395612485727366
0.02699973625618509,0.14315939114162274,0.01279914550209969,0.19001592937611292,0.15156476787959952,0.008157749517102669,0.011278077517988313,0.01986565261759856,0.004514184125015383,0.00701784493886629,0.004834737858932203,0.0,0.0038321557753697383,0.000881509835211186,0.0030613516475074183,0.006653735046494215,0.0,0.0005481153890149595,0.001251376497531096,0.0,0.0,0.020260056329720066,0.012234984694878739,0.09738025179541437,0.13032233157895984,0.143366914678775
0.02691334461152305,0.14125221864219478,0.01281016439362542,0.1906147775730389,0.15090688895177254,0.00935877544527445,0.011586123564489365,0.02055590276979755,0.004347193742384766,0.0073951259311414,0.00441362123463503,0.0,0.0036788993778383294,0.0008336852155999298,0.0029087805842252104,0.007094772969853678,0.0,0.000453188302405958,0.0013893294447611104,0.0,0.0,0.021000041248800227,0.011818454729148017,0.09616252390053663,0.1306203748529547,0.14388581251399896
0.026055027741067088,0.14116248897618494,0.01240389023627277,0.18773855268216819,0.15395995109072677,0.008872489240399463,0.01158383450366505,0.021058765963747533,0.004204534103454524,0.0068871418047975865,0.00455222613646275,0.0,0.004073997891844246,0.0008906019355148715,0.0027609940035683046,0.006766052369272277,0.0,0.0005621449365684678,0.0012989251805866726,0.0,0.0,0.02049681851359617,0.011304295741352707,0.0976450589332756,0.13143190603063154,0.1442903019848425
0.025773676554828588,0.14581903034421886,0.01231615379579008,0.1877962876221798,0.14957149008171586,0.00819102935963486,0.011228237560722446,0.020992113701878194,0.004204565227247116,0.0077378184583128075,0.004486932907500686,0.0,0.003956339852820198,0.0007690219396303243,0.003059258980939136,0.005870493474433828,0.0,0.0005888004949653606,0.0013222575339642917,0.0,0.0,0.019840612072142643,0.011844543349995084,0.09762452560756267,0.13314651716448747,0.1438602939150297
0.02544721771422097,0.1403046106720456,0.012454946225552793,0.18942229553052375,0.14868564876213938,0.008788349876149269,0.011829434262824378,0.020672068290762603,0.0042156994551248534,0.007876739274798743,0.004564284656868712,0.0,0.004399060963178765,0.0009385275719411426,0.002545043722555228,0.006771831797892501,0.0,0.0005214643583094855,0.001343885395052094,0.0,0.0,0.020173110090874923,0.011751361633182402,0.0983852521667717,0.1330711005442213,0.14583806703500943
0.027246847414714052,0.1421266339285039,0.012528829473507965,0.18969539915764383,0.15325401016109502,0.008946895522984978,0.01153060087928889,0.01995448147070677,0.0041928932461877426,0.00682662383478288,0.004713708416662505,0.0,0.0038257639202386403,0.00083261017877938,0.0027112220720237824,0.006290023561471844,0.0,0.0005276923002421719,0.001300280429809671,0.0,0.0,0.02001761749234187,0.01196959780796201,0.09400699909753774,0.1319876799089453,0.1455135897245691
0.02540233344840871,0.14665178671217277,0.012901920362875848,0.18459063408954093,0.15303593264781162,0.008855394072878383,0.011256804620355476,0.019931960009513635,0.003815991070833161,0.007190343251793378,0.0050842577935752906,0.0,0.00427515825095129,0.0008497056144410682,0.003465265411885824,0.0066327532688153,0.0,0.0005537172614291584,0.0013086402871804483,0.0,0.0,0.020266866409593454,0.01126057930244102,0.09713537170266122,0.1291854572858437,0.14634912712499837
0.026436619995228332,0.1425895359992603,0.013205244435805933,0.18998730955219686,0.1523700025261442,0.009089416851799368,0.0117365623720237,0.020116189471684233,0.004196304493050626,0.0071363965127253,0.004586711265811613,0.0,0.003729364255568602,0.000717362853928217,0.003036671408664063,0.006455652093095593,0.0,0.0004171699122236211,0.0013661313500330338,0.0,0.0,0.019528041985909603,0.011785650589296351,0.09790425828132225,0.13140008356489918,0.14220932022932914
0.02532590732253811,0.14319802578442808,0.012713634237750371,0.189629019164125,0.1510614302979582,0.008613265919948886,0.011719121372763083,0.020402572327856666,0.004343658292483551,0.007282563811150419,0.00534268684839512,0.0,0.003839560161986543,0.0008338867486948554,0.0031334340439215145,0.006615618240432154,0.0,0.0005304124810764594,0.0013422024165781104,0.0,0.0,0.019724613622140237,0.01239547084853682,0.09716534837066057,0.13033527425635724,0.14445229343021798
0.0261030196567451,0.14074394605227075,0.012843541596034205,0.18750092124727707,0.15036843312554776,0.008472842052380029,0.01128440486308932,0.021015554238159283,0.0041786875962936025,0.007889612243086477,0.004780454466217063,0.0,0.003932105908906186,0.0009318101275312266,0.003144529070338233,0.00714914971895203,0.0,0.0005788077132510585,0.0012241289099053727,0.0,0.0,0.020803580747791664,0.011685101822524354,0.09858373829299995,0.13152263792979363,0.14526299262090572
0.025787913094469577,0.14424324519051865,0.012728497371862957,0.18578533662866875,0.15166259052955555,0.009271817755287917,0.011208773692570444,0.01981681214113149,0.004438858055065742,0.006738797523931123,0.004265302708607881,0.0,0.0038943280796270353,0.0009382012337170653,0.002973583115168428,0.006448444254457941,0.0,0.0005891435950635431,0.0013687591127669648,0.0,0.0,0.020210505784910692,0.011569201716376811,0.09808808839923419,0.13290747480664059,0.14506432521036677
0.028184216754009485,0.1401223375365699,0.012854001969049008,0.19132333257367615,0.15201445656291832,0.008896670672475708,0.012294932335959265,0.020164287288739403,0.004534232255589668,0.007819472120238431,0.004581024992047702,0.0,0.003788175428883258,0.0007482958081672183,0.0028383099601976595,0.006272064409791271,0.0,0.0004421384287792974,0.001205333768224913,0.0,0.0,0.01994660935588653,0.012270994008641557,0.09791575910796493,0.13121951392556402,0.14056384073662628
0.027218706039729656,0.14126040495839243,0.012748664430525214,0.188717488082431,0.1518693677923803,0.009061168332174904,0.011646602233875796,0.02099774620129721,0.004101484463437592,0.007533159375033778,0.005540521060985164,0.0,0.004010064917481165,0.0007835819238795501,0.0028007056435096003,0.006559593607524441,0.0,0.0005059318023418892,0.0012133326351658918,0.0,0.0,0.020081816547783553,0.011901811855670467,0.09699724558875741,0.13182254784489128,0.1426280546627318
0.026457472993273924,0.1411086969436279,0.013653893087291294,0.1881919738494056,0.150586866136509,0.008590161165248262,0.011623840352286498,0.0205842333648616,0.004078404427361388,0.007444671343403731,0.0054077966898614625,0.0,0.0037020956941273115,0.000790958934981122,0.0034407603426681054,0.006581332903960549,0.0,0.0005394275369285398,0.0014725836969882915,0.0,0.0,0.020186842026550543,0.011549163674216347,0.09829325135938012,0.13114358233943266,0.14457199113763577
0.027057720403150937,0.14086943296178447,0.012712823284617869,0.19093639584989142,0.15313511276282055,0.008510837297063674,0.011277935156177529,0.019948230405213076,0.004293572728832543,0.0070154081460387305,0.004639302659458986,0.0,0.004359474751740884,0.0009135880522571525,0.0030695647773130645,0.0062832077595904295,0.0,0.000534378092317829,0.0012503489745350576,0.0,0.0,0.020548521724061762,0.011009289498181463,0.09808506049355456,0.13033257318247546,0.1432172210389226
0.025494480466766445,0.13973161277249563,0.013363474920316204,0.18894764355475227,0.1502507663771509,0.0086559826224218,0.012164425157746335,0.02004151291105588,0.004063738111122197,0.007309296063423634,0.005013137736851345,0.0,0.0039298505449315065,0.0008256890389185747,0.003161822530683027,0.007288834062562257,0.0,0.0004447945513170309,0.0013454185353056277,0.0,0.0,0.019812005776523915,0.012415451398474997,0.09679251008652269,0.1341380785513368,0.14480947422932097
0.02643477343470026,0.1448605715191591,0.012904551752781346,0.18788986082538298,0.15031614855064493,0.008130097241305525,0.011612028001666419,0.01975160992194795,0.004200695151836544,0.007401028615692229,0.005031024692613772,0.0,0.0038484238563608443,0.0007020506506394628,0.0031768207681541942,0.006546990433591522,0.0,0.0004998649740814475,0.001322627083865448,0.0,0.0,0.02013224182564161,0.011947437445904194,0.09810393941995223,0.13113290853194295,0.1440543053021351
0.02699133463745319,0.14079960149027887,0.013223691621789907,0.1893977577177582,0.15267452168675144,0.009116694640321563,0.011765378231775349,0.020002039804497974,0.004074453754340615,0.0070719213966168775,0.005090268100546027,0.0,0.003744348008800992,0.0007747405665053704,0.00277012334116628,0.006205992031974051,0.0,0.0005654496066690268,0.0011843497519369733,0.0,0.0,0.021140339931947336,0.011421587521208209,0.09599341570079892,0.13255662112292313,0.1434353693339398
0.027352375984734733,0.14350571192488273,0.013598813653054393,0.187326001962069,0.15099762133857617,0.00878558999793274,0.011028417546518142,0.02036680667162069,0.004214396094673176,0.006892091955678112,0.0046357245177301235,0.0,0.004094244612784984,0.0008401580865694189,0.00298368926590198,0.006609570850782187,0.0,0.0003994845323964565,0.0013157860720358534,0.0,0.0,0.021010583288154656,0.011889660795729406,0.09669571373823092,0.132310571775948,0.14314698533399628
0.0254704112056502,0.14223334885991537,0.012459121670024395,0.18540445833032496,0.15147745486000172,0.00873863493277102,0.012056987434832089,0.019834229484876263,0.0042944214465877855,0.007345260064660915,0.0050328236885122035,0.0,0.004140673230448716,0.0007506986393318012,0.0028561904435065416,0.006436695356362693,0.0,0.00042572795307544814,0.0012750822596341925,0.0,0.0,0.020300519580141542,0.011851164013512813,0.0986349895692089,0.13449524123239706,0.14448586574422337
0.02737402538287051,0.14808184201681623,0.012379185913695252,0.1871178279183751,0.14888532765659623,0.009380276930409043,0.011434879748216198,0.020284583097876133,0.0040442573413499204,0.006752339138494462,0.004834241840254582,0.0,0.0040939731402890355,0.0008099875799431288,0.0032840259734890826,0.006426338106737435,0.0,0.00048402237176313316,0.0011794081063385329,0.0,0.0,0.020498738687213476,0.011701535140938376,0.0955559273503764,0.1298329626925227,0.14556429386543512
0.026848743407416487,0.14170642975565478,0.012616841735691855,0.1905282072634622,0.14993333778066983,0.008886838298333444,0.012579376184450436,0.02112061363817995,0.004048266066160056,0.007195937029771097,0.005222553662796776,0.0,0.004080273687028179,0.0009010734268751323,0.0030114559499554816,0.006474402600675201,0.0,0.0005238659693947536,0.0012848576871584817,0.0,0.0,0.01949174646920602,0.011488100405993257,0.09574447333944369,0.1322404869279715,0.14407211871371142
0.02676514152444611,0.14196902417212648,0.013007446185577998,0.18723376983538068,0.1538366864692907,0.008388979059609416,0.011231455302865411,0.020450452015322883,0.004284808737820227,0.008177513420491559,0.004774843448390955,0.0,0.0038149631454248204,0.0008284277460598993,0.003338757836142463,0.006463375877643164,0.0,0.00046403650009240095,0.0012640060564492732,0.0,0.0,0.02032619398985388,0.011938565906451745,0.09738418493553268,0.1282516664613645,0.1458057013736629
0.027313969684818085,0.1413697423059896,0.01267511623795355,0.18837708609912027,0.15261903597700804,0.009383319847139679,0.010935215106910586,0.020036126932752953,0.004371663314185767,0.007007406087973911,0.004428798570440748,0.0,0.004042442548989964,0.0007907143458527382,0.0032793850364933623,0.006451463613329524,0.0,0.0004856107554551172,0.0012327586454689596,0.0,0.0,0.019766597079501895,0.011452986898261316,0.09992154878631494,0.13167453574062365,0.1423844763854153
0.027245187922714503,0.14099090880430687,0.012523308445592874,0.1899089399120322,0.15068380539727821,0.00841758286124952,0.01187094584776353,0.020596604132971128,0.004447504460381986,0.007090681577564281,0.005137938740737004,0.0,0.004130563725084698,0.0008577757145573813,0.0032798686885178755,0.006941055881957472,0.0,0.0004322990773810113,0.0014109527580233486,0.0,0.0,0.020530182085243757,0.011822928442113922,0.0977371674254506,0.1304778344609155,0.14346596363816244
0.026774746602152306,0.1422458685061069,0.012374256148020285,0.18984673132881133,0.15341751503853443,0.00885259368720565,0.012131449635470219,0.020605982132705897,0.0041009150374678215,0.007385139650333697,0.005040587064785139,0.0,0.0038924227495368393,0.0007801706541584267,0.003136657469021589,0.00647271210530181,0.0,0.0005472296494275378,0.0012989363475795124,0.0,0.0,0.020104942640157004,0.011804869249421434,0.09727866701764534,0.1308092076547446,0.14109839963141227
0.025520102495072233,0.14354280144245862,0.011683079675621006,0.1920782445175128,0.1517279834708299,0.008527663099737025,0.011037677248792751,0.02085662491846866,0.0042852103128748435,0.006749834073425937,0.0041604849154931525,0.0,0.003992950396324692,0.0007410522985514048,0.002968292191512829,0.006909159497872633,0.0,0.0005171554420546614,0.0013098319330756953,0.0,0.0,0.02035510409708627,0.011706056137724831,0.09764172974222943,0.13061463220366973,0.14307432988961094
0.026526340720191256,0.14255221155850079,0.012709668517124018,0.19005932888583077,0.15326054026953229,0.008843349448094432,0.011197574211079817,0.020541301695743523,0.004117101956808834,0.007508363942173435,0.0046480410443278195,0.0,0.004066423070177441,0.0008437885543335072,0.0023489673713168535,0.006584772458165311,0.0,0.00046233898817549647,0.0012309916704871429,0.0,0.0,0.020047507582570456,0.011271101365186956,0.09732280636428754,0.1321124788512614,0.141745001474631
0.02627267234166452,0.14503778101217527,0.012393451894264575,0.18805425697224032,0.15267549483364876,0.009025200333543192,0.01164318603951248,0.020689737500396578,0.003775007516074387,0.006984630327195753,0.004697774652315445,0.0,0.0037770797184090215,0.0007821873346917424,0.0031054643938452043,0.006638064449800871,0.0,0.000676450485631075,0.00096884393095663,0.0,0.0,0.020026391420184364,0.012206654555895964,0.0962548077860863,0.1299800362322929,0.1443348262691747
0.0273983896023913,0.13991639291229613,0.011898652042046615,0.1904649148860597,0.15063804201093065,0.008586846466762622,0.011309664681641268,0.02056971906950939,0.004264520572987223,0.007651376781467314,0.004544971289652602,0.0,0.0038579105954719265,0.0008639682542377925,0.0028439803250789124,0.006552802780289207,0.0,0.0006005201612289345,0.001478208295451771,0.0,0.0,0.019940615356112634,0.011555927960871683,0.0973952075166025,0.13326987790588155,0.14439749053302828
0.02482620183055536,0.14416411121161948,0.01277463593041726,0.19003158957271488,0.14940743070122348,0.008957516396176559,0.011118133240040304,0.02042348500074527,0.004235591028361347,0.006453741380868764,0.004807495624973595,0.0,0.0035625238161330285,0.0008234843904306314,0.002933140851402393,0.006784209275054005,0.0,0.00046660711418760784,0.001247945202270158,0.0,0.0,0.020200158794821822,0.01234853545881873,0.09769470035293008,0.13447626055816597,0.14226250226808929
0.02694552140487257,0.13926753218901267,0.012802792360921082,0.19168780059123178,0.15100497988682202,0.008784191925648627,0.011943034962476715,0.02131113619595639,0.004198404154445448,0.007600810595235941,0.004824030923443594,0.0,0.00419681639231003,0.0009112485529122983,0.0032290555518424387,0.006109275457689504,0.0,0.0004494690900304733,0.0012242851274362088,0.0,0.0,0.02023433517678068,0.012149626594567675,0.09584465598152543,0.13115929806444554,0.14412169882039289
0.02613561787438672,0.14191944867150635,0.012381694788206925,0.19028237845898321,0.15111603453067174,0.00888805123952394,0.011972665796709196,0.021586504541841786,0.004367485419059228,0.006677972008885985,0.004945890385521298,0.0,0.003952273993445616,0.0007407269969172736,0.0031350841687844563,0.00651563295690565,0.0,0.0004712983690289365,0.0013713441537679964,0.0,0.0,0.020109546467669645,0.011438066405775067,0.09731831743095845,0.13238175828656876,0.14229220705488177
