Number of Parallel Issues,Number of Prior Comments,Is Cross Projects,Number of Similar Failures,Is Shared Same Emsg,Is Incorporates,Is Reference,Is dependent,Is Duplicate,Is Regression,Is Cloners,Is Required,Is Supercedes,Is Container,Is Blocked,Is Problem/Incident,Is Child-Issue,Is Parent Feature,Is Dependency,Is Dependent,Is Completes,Has Config Files,Has Source Code,Modified Source Code Files,Config Lines Deleted,CI Latency
0.04402483380847015,0.17199648177304033,0.017971433874418564,0.12086213267459031,0.07028407458478081,0.009183349811898148,0.030821169456659043,0.018398128229203902,0.019949789044893668,0.022597526487634273,0.00156192318130915,0.006915136358420495,0.0027875789561208155,0.0038566194235893983,0.0020002901801012473,0.012709242947110778,0.0006952513666198516,0.0,0.0007352513381897647,0.0019247074062070876,0.0,0.022834321547885724,0.014939905206653056,0.14072199495011714,0.028266321006896772,0.23396253638518955
0.04267387747103023,0.1700939881961661,0.018071933936759457,0.1213523246679697,0.06947189235530861,0.009691564646526485,0.030984116949439772,0.018000922263065607,0.02013516807094324,0.02301675946572488,0.0013932433453558528,0.006689637976334701,0.003028075829458959,0.00399575828187063,0.0019321162039882944,0.012416825774093138,0.0008486142712902526,0.0,0.0007705254157704686,0.0021402710583027424,0.0,0.023416774626049887,0.015647094697535537,0.13944892057914632,0.028609002573650726,0.23617059134421842
0.04246040293005523,0.17249088974956897,0.017487540779103528,0.1199625503330904,0.07290802616653602,0.008573849209250438,0.032281791232155174,0.017499944582956624,0.02034565392405644,0.02279407355849085,0.0013343723856036145,0.006796505742787774,0.0029457106241977094,0.003961727991592992,0.0017206839305217419,0.012469559001567678,0.0007670740256351437,0.0,0.0007433267924323795,0.0019062575604832036,0.0,0.02277241701982798,0.015007080520744037,0.14051922102525474,0.02764971938770753,0.23460162152637984
0.04311114474780074,0.1689626521185394,0.018460294378124915,0.120786652253743,0.07099910337897623,0.00887323857845503,0.030866691163477195,0.01766520065748823,0.020235962741829885,0.023468953071844136,0.0012446343206176129,0.0066692097857645165,0.0028713488574119285,0.003923414147876678,0.0018817468506157938,0.012722666678881505,0.0009130820407757591,0.0,0.0008160520348215749,0.001989740651471024,0.0,0.022841647612580746,0.015764996757156285,0.1432625385793703,0.026552215079032014,0.2351168135133455
0.04421310878049358,0.1718947754979473,0.019514163691696864,0.12152796749567438,0.07125445082860542,0.009361662125101883,0.031069751818313944,0.018436021251172226,0.02023341017121652,0.02203574810233082,0.0010063844835084006,0.006953169419008506,0.002930524909759861,0.003980873646354344,0.0019057046689501076,0.012823784060836344,0.0007101177810698029,0.0,0.0008345225222727403,0.0021997063999041194,0.0,0.022570085178890073,0.015016271033277084,0.13792209716020704,0.027896829292716686,0.23370886968069193
0.04258870729043833,0.1716619325736353,0.017529245271905726,0.11901586135407911,0.07077120562006055,0.009377314878342985,0.03163542751249754,0.01803121106601311,0.020126677268419275,0.022201376072831076,0.0013992290626429513,0.006986160926764992,0.0024322333575445016,0.003654638500253116,0.0017494504516032006,0.012549275985001333,0.0007437056251155248,0.0,0.0007674123874634238,0.001365334389045211,0.0,0.02249141935783891,0.015075189914443964,0.14235728356961422,0.02769731991089682,0.2377923876535489
0.04385239428930519,0.16999834744382986,0.0186245565315129,0.12139390418772374,0.07122341073461183,0.009030971510447515,0.03106391050455227,0.01804185075411303,0.020681558043922122,0.022474344059601404,0.0013036966500733077,0.006654868919956964,0.0025940934912971085,0.0037198915876187205,0.001760925388875028,0.012669370838667935,0.0006826772964580016,0.0,0.0008680616131903753,0.0021407475393955674,0.0,0.023213228293575812,0.015727548404783943,0.14053451351165627,0.02799440797788033,0.2337507204269508
0.04441666824363007,0.17214025240556177,0.01782934667028557,0.11982091764132985,0.07076240811884169,0.00856058239158813,0.031360034666572154,0.01793878072560563,0.019784267845121144,0.022866762014027184,0.0012195652807524744,0.006661252795939812,0.0027629764937801625,0.0037865313598274344,0.0018984949686965125,0.012831821127225898,0.0008256732700110576,0.0,0.0007537403202184962,0.0020136726054050514,0.0,0.023856273750014576,0.014758981449068953,0.14090418284523118,0.027624256904815847,0.23462255610644944
0.04336966457127542,0.17253651012557153,0.018058784559983252,0.12003561531229394,0.07120541630515878,0.009094895375761223,0.03067307452305479,0.018254873047060593,0.020820498428665134,0.022437917082709282,0.0014110628862789552,0.006647664929176907,0.0028434704019160238,0.0037349821427162962,0.0019786234513840123,0.01259165898118816,0.0007219440242550979,0.0,0.0007113725515180572,0.0017405911341231563,0.0,0.023242578071771634,0.015407047107639654,0.14085939365768213,0.027953370297497514,0.2336689910313185
0.04427682466133774,0.17237340663051887,0.018392081406584118,0.12154004365840192,0.07084789644267891,0.00898850199821984,0.031062440565698284,0.01828729290753047,0.019987818061001285,0.022476312747607897,0.0014043908065848357,0.007150339496093931,0.0027240839350869536,0.0038552089095175448,0.0018887150949328756,0.01236240614885788,0.0007792686051081714,0.0,0.000717564693733973,0.00218373329839187,0.0,0.023099675510517108,0.015336788340201399,0.14039536278518538,0.027452424424077027,0.23241741887213174
0.043198168757595454,0.17153547620100387,0.01792210240323076,0.1209392409272934,0.071537617985704,0.009064401264033826,0.030456350742006456,0.018309885633105785,0.019223597539808884,0.022527000188877416,0.0012427140808209294,0.007080792432090232,0.002935976261176721,0.003938445172595519,0.0020603897794448625,0.012582462885797462,0.000838176667355775,0.0,0.0007837841248337725,0.0021590769168973187,0.0,0.02296796151150219,0.01515937385793224,0.14085521694568165,0.027366826788954184,0.23531496093225726
0.04268348668375869,0.17233363285154785,0.01825533396830819,0.12094629867243956,0.07206076674722367,0.008951195715047964,0.030875051414331146,0.017812778042618438,0.020230711467541664,0.02249473648125639,0.0012466668949957429,0.007569557424361634,0.0028163290150236137,0.0035945741857884043,0.0021509600083205378,0.013051767383086976,0.0007095146615345761,0.0,0.0008475603469303596,0.001829570226804448,0.0,0.02323318269039047,0.015138142199274974,0.1397342376424676,0.028195864702059897,0.23323808057488732
0.043073758898761985,0.17168005518668614,0.01868497559841066,0.11945365490029478,0.0700217246729434,0.008725361280705888,0.03245114911226392,0.01867344767674445,0.019264902818257608,0.023194654531001134,0.0012457271218597565,0.006825651146792983,0.0028900206619464916,0.0039796627188612285,0.0021279360923970197,0.01300952655129046,0.0006243289282959234,0.0,0.00075758491135191,0.0017293522346223168,0.0,0.023017090820147017,0.015219265412486097,0.14067854941238028,0.02792969217240613,0.23474192713909242
0.043543083809974056,0.17189018667245554,0.018079759685988885,0.12271139752393576,0.07025225092522507,0.009023270812435348,0.030781387222049362,0.01843299126990235,0.020154230475706712,0.022948468122810834,0.001356996309877057,0.006816742950188706,0.0031816078557171342,0.003967922581656541,0.0019562803703317014,0.013030703818264466,0.0006437786892706188,0.0,0.0007366254871817256,0.0017827508508852508,0.0,0.022950647036692754,0.015814754654385442,0.14000477036506448,0.027847744384853566,0.23209164812514665
0.04421346534350303,0.17320479046964865,0.017945873202941498,0.12070663818105128,0.07026341558989008,0.008664297926948113,0.031238400890065444,0.018434250248900563,0.019716915787074223,0.02206824663839823,0.0011102741015253032,0.007109367998833839,0.0027259504611828276,0.0037423878083473775,0.0018738182344442804,0.012505855940471388,0.0008742596109922596,0.0,0.0008235703012987806,0.0019329058128698695,0.0,0.022962683388829425,0.014328927550713601,0.14036204048647494,0.02810632245154948,0.23508534157404554
0.04403917380164377,0.17245588151907,0.01850463127973718,0.12157363900310583,0.06877490897553701,0.009279460173689913,0.03103731007786803,0.018532925300256405,0.019545405058510053,0.022543366658922072,0.0014279928181531252,0.006826408688412911,0.002896323902998763,0.0039265777928519955,0.0019243977017602116,0.012948196260402339,0.0006342912708737225,0.0,0.0006819470584285639,0.0016184400564118212,0.0,0.023454639976498565,0.014582732309256153,0.14127507820743956,0.02842791609439859,0.23308835601377345
0.044306504414594425,0.17177275900644567,0.01834417405197255,0.12135995360361287,0.07083886181594237,0.008871681242034543,0.0295141045798576,0.018527055665103202,0.02007195717285071,0.022599368805598118,0.0014070102297174018,0.007162635959267853,0.0029623016600538133,0.0040451824414890186,0.0018570520297190689,0.01233969760084894,0.0008083133675279276,0.0,0.0007187657251432266,0.001857785507553914,0.0,0.023523660396853587,0.015156828743665307,0.14324575661190253,0.02732666182260029,0.23138192754564507
0.04353404174775205,0.1746178357764765,0.017172526266810133,0.1218523871529796,0.07119321607346385,0.008642190643721286,0.031347533981082476,0.017372240212669983,0.020205456429019553,0.02333841099184281,0.0012892158926347146,0.0066536753437639404,0.003065298000934845,0.003896660915525642,0.0019105364505042327,0.012937159183090113,0.0009254162152645167,0.0,0.0007275631661849799,0.0020464899147946128,0.0,0.023177468016004982,0.015260435743573438,0.13868213600068194,0.027573980007203108,0.2325781258740207
0.04379870002010232,0.17453815973616255,0.0184129242101961,0.11962216674349975,0.07118673402183999,0.0088786966217618,0.031066019381381725,0.018663464204973078,0.02000912288366606,0.023543627273508772,0.001336756799620327,0.007041699128727164,0.003040842717234941,0.003876542677530666,0.0019279410515774787,0.012821320428922969,0.0008251485717202779,0.0,0.0007740495931146855,0.001684313973254438,0.0,0.022992339680743164,0.015200608407605242,0.14017018962338312,0.026918860502408326,0.231669771747065
0.04326370452184365,0.17334825519148725,0.018227979364756498,0.12087296340480465,0.07119318080066299,0.009011363055542957,0.031910921227170146,0.018298890123730836,0.020543942714384547,0.0219752764833721,0.0013511547680828298,0.007019274575625646,0.002913391264675708,0.004004201375911248,0.0019221125458852204,0.012044014900836092,0.0006974093815391311,0.0,0.0006784410032845032,0.0020074974308854467,0.0,0.023755441090095385,0.015026891065791873,0.13966990242604932,0.027892672397243672,0.2323711188863383
0.04259921906606209,0.17080926856232218,0.018255005265143783,0.12365188825926762,0.07089032795517558,0.009225783479840433,0.030523856686078443,0.018265587125967785,0.01935222382781372,0.023130609409587728,0.0013008168673487,0.006883373409204009,0.0029504235594835625,0.003979788819700192,0.0017614874635844158,0.013492644175495366,0.0006243679671508586,0.0,0.0006970088525602802,0.0020975168882042903,0.0,0.023782275011019982,0.015058870953916883,0.13878924178803326,0.027448710630196438,0.23442970397684243
0.04383551321905419,0.16944119002588243,0.01846308753231042,0.12028037553823863,0.07016937103031819,0.008963277492110625,0.03130098124048745,0.018423005175320212,0.01995107285863647,0.023265696084257607,0.0011737178465645256,0.007128892617516823,0.0028837935690067392,0.0037912778571458847,0.002053318162395207,0.012150923006040305,0.0007580831860782339,0.0,0.0007411458280407333,0.0021069446943664375,0.0,0.023242814519394178,0.015345693966463587,0.14275650421696687,0.027644219021291726,0.23412910131211256
0.04340040232858867,0.1711474141206449,0.018004143041866642,0.1209618064496218,0.06950878431197191,0.008685828517160809,0.031047168207020172,0.01854866452114193,0.020673167591946272,0.02291679942701889,0.0014697784768561986,0.007117214779259297,0.0028091221613918914,0.004078464173270282,0.0018804064330921247,0.012782506437268831,0.0009110375477202138,0.0,0.0007941527588230234,0.0016819909052098853,0.0,0.02300928506078344,0.015057742528877479,0.14187570945776198,0.02745158970341528,0.23418682105928806
0.04371074602209611,0.1729036911526005,0.01855739215360903,0.12061267220048025,0.07119152648642893,0.009042387976303076,0.03137346797011972,0.017640946622537658,0.02024643163537402,0.022787224128394255,0.0012228793497306286,0.007091135998298206,0.0031508988874237682,0.003961364044219434,0.002021576292984709,0.012445546459094677,0.0006729523287217027,0.0,0.0006857141128530919,0.0017488524845827073,0.0,0.02344746006095653,0.014976963009078675,0.1393664306174077,0.028734186160251148,0.23240755384645348
0.04333747471614447,0.17325009934522045,0.018303478579555936,0.1207576877843763,0.07022367477519603,0.009036511042000378,0.031143096938922126,0.01811630551511486,0.01929462076014377,0.02328089948589645,0.0013678710552761653,0.00679272730466853,0.0028929494515904314,0.004107544056601946,0.0019238397235638014,0.013197033666468048,0.0007388661211441947,0.0,0.0006912712133641012,0.001867038160418991,0.0,0.02314531172963174,0.014926182319723164,0.14018094236314432,0.029140910104076108,0.2322836637877576
0.04298999497613197,0.17244993944012726,0.01860103148312,0.12113350864600055,0.07002714516382577,0.008699776223489684,0.031822371599506724,0.018196546057586572,0.01949980209860123,0.022394375404878465,0.0012840623544755352,0.007047584498143983,0.0029170700832987315,0.0042198353349652985,0.0020484924685189553,0.013356497747732949,0.0007517832996583862,0.0,0.0007786434963423445,0.0022160289188774434,0.0,0.023732550273489354,0.0149610379995312,0.14047370666420142,0.027603651895064973,0.2327945638724312
0.042617774623660905,0.17256191923292846,0.017900713592749293,0.11963895241612063,0.07252619912325986,0.008709574492261903,0.031147015397142475,0.01774962152745547,0.019250875038774054,0.022526910305721563,0.0010738680037499558,0.006596258097618943,0.0027954276098161313,0.00362794420672601,0.0020095488807383697,0.012944927615640542,0.000872631557513013,0.0,0.0008552965606849341,0.0017707039225022421,0.0,0.023900819259058695,0.01571439764888753,0.1413545678248866,0.027251658884802632,0.23460239417729975
0.042986626879892714,0.17063318297398905,0.01914080677186246,0.12140515857656213,0.0722725117889481,0.008442461812222123,0.030594463591349864,0.0186088514396202,0.019701979579616617,0.023605952651996404,0.0012523876286669165,0.006752868711376554,0.003052779887245995,0.004128879160929797,0.001948151882633422,0.01287714662675043,0.0008940966675482227,0.0,0.0006978447146689106,0.0017248406391689216,0.0,0.023253958414081375,0.015220764805936437,0.1413464082882161,0.02834867228591787,0.2311092042207994
0.04269667661176767,0.1716248385501598,0.01893518488779574,0.12235476916578955,0.07138102781990009,0.008641938720383505,0.03119798059230868,0.018565995612526677,0.01983619839803018,0.023431531191204592,0.0013621878536040307,0.00676709885751992,0.002880686490385087,0.0036331682439034083,0.001743479666327093,0.012864256443844674,0.0005754372366721551,0.0,0.000700891322913187,0.001903598958980354,0.0,0.02307229497877959,0.014832814317676867,0.14048926765223552,0.028167191098481797,0.23234148532880988
0.04493646575659769,0.1731515584638358,0.01831160682966578,0.11986340381844682,0.07047102433087535,0.009161908113252055,0.031187796068304397,0.01814819309788572,0.019001532959116302,0.02312939310691219,0.0013071183948461598,0.007009584893054671,0.002843026955070665,0.004099612600597867,0.0019516935020156118,0.013728473798380778,0.0007685409474124776,0.0,0.0006653707473852076,0.0022438216656202347,0.0,0.0233219269040833,0.015432917507558184,0.13966830972709832,0.02708818492996884,0.23250853488201567
0.04281066743050556,0.17238921627956855,0.018105545641726596,0.11927772972935599,0.07238147509424686,0.009317188311417859,0.029844153175400956,0.017935234139287482,0.020106766979432963,0.022499851319270382,0.0012613728414505043,0.006713627811712086,0.0030275487989515305,0.0037121342155596953,0.00196372829622709,0.013774380454128429,0.0006468764598977301,0.0,0.000636002981211416,0.0022311084770745065,0.0,0.02332941964080082,0.015426378882329297,0.14060003824450512,0.028212675435935773,0.23379687936000285
0.043778454586148326,0.16950412925386665,0.018984258603897713,0.12170458111881269,0.07146556697216189,0.009394157983346169,0.03057653632811329,0.01804646768253903,0.019198165767793932,0.023886003620366174,0.001101233795423852,0.007088588028835913,0.0028953094870485282,0.003982610700807581,0.0020981812065253127,0.012836344311332851,0.0007985812475573273,0.0,0.0007343084900435788,0.0017928989159399795,0.0,0.023299672689149953,0.015534342210880375,0.14170950301076787,0.027057653739249798,0.23253245024939123
0.04244117440010894,0.1729655781741454,0.018844898875653278,0.12330237737418195,0.07117521509665706,0.008773457466285186,0.030974609101733393,0.017952914676164757,0.01935188915138553,0.02269180464250112,0.0012778791282118808,0.006623745063051684,0.0028302375730103104,0.00414227044249349,0.0020106111326813193,0.012864757802430394,0.0006765506954518219,0.0,0.0006624504063458497,0.0020884429770825505,0.0,0.023689520455208404,0.015119088000780762,0.1391238017714003,0.029180623143292866,0.23123610244974174
0.04234480986862768,0.17200280068810248,0.01794074942715234,0.12131156822154879,0.07115302484291505,0.009075239075738163,0.030901072807077275,0.018580224685295816,0.019917587652326003,0.022813080431342763,0.0012227248114074871,0.006791848222970538,0.0027746941335762758,0.003699541989438999,0.0019419606528200014,0.01251568133920064,0.0006663836424845968,0.0,0.0007237391217781019,0.0018746439610893915,0.0,0.022975435430690833,0.014607884188005248,0.141400661031828,0.028208937485929,0.2345557062886546
0.04243808950104117,0.17287288595873437,0.01852384990342032,0.12270395638002314,0.07071298167230845,0.009171216680847406,0.03093061511104477,0.01800130202156258,0.01988356692458137,0.02338342180228556,0.0013306493868063703,0.0069956778704107605,0.002751709356138765,0.0037192035214731883,0.00190378156373858,0.013429269915701526,0.0007334632490478656,0.0,0.0007488628122584817,0.001668199845828521,0.0,0.023076376156191004,0.015280010391330184,0.140488603032405,0.02735093134055807,0.23190137560226262
0.04472282820082073,0.17238947594073656,0.01827919974826093,0.12004371481616076,0.07055713848914992,0.008937425697989958,0.030584504222961155,0.018036862909335975,0.019840279063826457,0.022870518765894014,0.0012202280024425363,0.006886202832084329,0.00295766732329207,0.003897127655254283,0.001987725773130834,0.012374850946494795,0.0006750976801469546,0.0,0.000696574592870672,0.0021753680509077012,0.0,0.023649351813198837,0.014860689035480181,0.14095435921494287,0.02844059812154951,0.23296221110306795
0.04309875732530586,0.16976663905897543,0.017968044373476134,0.11995936293375546,0.07036961249131521,0.009228744581144206,0.030586225444507058,0.018710427506647233,0.019508465771835366,0.02244148876509773,0.0010187154482475685,0.0064529876325015514,0.003031178880055561,0.0038232810307602754,0.001987830194770114,0.012643372473771858,0.0009030693767659737,0.0,0.000702626786979064,0.0020750441983801446,0.0,0.023216979580734383,0.01550569743740475,0.14103563004956637,0.028561055401580087,0.23740476325642262
0.04472971548710457,0.1720773800212751,0.01763626328263463,0.12123692645718145,0.07116431750763837,0.00940360904458963,0.03159894948139011,0.01780591044755306,0.019775804586124344,0.022577334300509722,0.0010216336838671676,0.006642723318963197,0.002939713599018492,0.003639828803020347,0.0018039669696526476,0.01270547357821561,0.00059466772028204,0.0,0.0007232022620328032,0.001942781124198361,0.0,0.023398305478741575,0.015065590638162065,0.14089518598548284,0.027886970550570718,0.23273374567179123
0.04291191762050609,0.17188015614606084,0.018180244958383503,0.12164210825900827,0.07012493401809741,0.008848880912356432,0.03116667275619355,0.018060447883287273,0.02015668076882845,0.022010182883534683,0.0011443347952764446,0.007126683898141611,0.002845978664438276,0.0035450005880041705,0.001915806487604871,0.012592735739207595,0.0007484043027421315,0.0,0.0007044451144840144,0.0020864642864695743,0.0,0.022674003921026576,0.015097960989975281,0.14222196684294558,0.027777105496363707,0.23453688266706366
0.04416101746026154,0.1708855709436848,0.018269097832384396,0.11991283189407809,0.0707560013275121,0.009276835697434363,0.03089607896300981,0.01866576221554832,0.01907201503325794,0.022648544426363444,0.0014836472946167503,0.006849326238001374,0.0027649200895418983,0.003970197467274518,0.0018880268113256927,0.013219043337837225,0.0006701456242575008,0.0,0.0006518281911360323,0.0020229265673317627,0.0,0.023181178115192314,0.01565051796563826,0.1418357962752725,0.0276215724834094,0.23364711774563
0.042999940553222434,0.17107226368559914,0.01909781452914928,0.12131778672775428,0.07069244400356937,0.008860444029301001,0.031960158600977714,0.01821509533579625,0.019512983386043747,0.02289380774008338,0.0013978759709793386,0.007067629711659258,0.003132353091392796,0.0037211732987700356,0.0018695281505998324,0.013540532128906727,0.0008272684793384314,0.0,0.0008003757625597092,0.001926528894875235,0.0,0.02273265275530919,0.0152349054548702,0.1403761998855647,0.02733134993822906,0.23341888788544893
0.04362060239457146,0.17092442516324244,0.018443004864815486,0.12296860527069005,0.06982226173336306,0.009086042959021549,0.03132155444848021,0.018363791983451238,0.019167509366212435,0.022727269883539816,0.0011253510376779139,0.007086671100309074,0.003042985207046059,0.0038543863441776135,0.0021233340826560198,0.012617651071675636,0.0007507210673982483,0.0,0.0008037338781191692,0.0020045601851544333,0.0,0.02275213087078804,0.014818684964290438,0.14230224312477363,0.027074723723267385,0.2331977552752787
0.044169046608003804,0.17323056079604643,0.018154206045748092,0.12014783907554445,0.07039182624393213,0.009115314916327133,0.031716438343124945,0.017904341911876016,0.02049526831257659,0.023484047681591985,0.0011736792608511221,0.006706228806589487,0.0030614773439954796,0.004008540369377119,0.00178713141840238,0.012499849367729845,0.0007214685853556184,0.0,0.0008561603497242871,0.0019148435594354186,0.0,0.023328433455762666,0.014744007769971881,0.1391673117406622,0.027650037694445413,0.23357194034292542
0.04312976273665023,0.17440048535040997,0.018595000786977088,0.1191616262862675,0.07105620379768192,0.008537677581225067,0.030495393851481773,0.017772022070972913,0.02098458443781756,0.022192709998017406,0.0013071850318646322,0.006556282874313243,0.0029560738092545306,0.004118078153680292,0.0020576082534191974,0.01236144242156352,0.0007510164200708353,0.0,0.0007640162131740365,0.0017557558483208215,0.0,0.024031789711474898,0.014916153851010628,0.14228549092238932,0.02696078310353727,0.2328528564884253
0.041445286285077765,0.17306024241241633,0.017721116194066203,0.1204605877502696,0.07221083976017487,0.009283144784584618,0.031013019480083403,0.018381110206912705,0.019699265476934524,0.02176195914103382,0.0012422767058933187,0.006738809505308013,0.0033048733049231816,0.0037982603246440733,0.0018182278749609934,0.01334698356816641,0.0006786783352999581,0.0,0.0007146895802021451,0.002058513704674375,0.0,0.023613825442903524,0.014987574678459578,0.14272371478707083,0.02776798702889451,0.2321690136670453
0.04390229685570234,0.17295322909230243,0.019175544361272466,0.11938661848756307,0.07082148379331703,0.00888116193501352,0.031286905947244203,0.018093501140184085,0.01988594963490078,0.022850374047321795,0.0011971549366393548,0.007323084779101273,0.0027750283187887434,0.0036645651461699167,0.001731118333240569,0.01264499186113216,0.0008653814375259104,0.0,0.0008159433074727968,0.001789054656219423,0.0,0.02310440768395929,0.014875062871378136,0.13988323142927447,0.0273338556694906,0.2347600542747857
0.04307848798280925,0.17117167833935118,0.01864959178134077,0.12022997847523571,0.07061021544750831,0.00878369254034422,0.03071795468727828,0.01841585902424417,0.01927408442137445,0.02315046116421795,0.001277164269630517,0.006914986334076401,0.0029144296016770602,0.0037954373285276908,0.0019036362843857933,0.0124950676956546,0.0008941464671759953,0.0,0.0008157257409065356,0.0018193612099209936,0.0,0.023457248344055763,0.015127818888248611,0.14062255419793018,0.027541455393118003,0.2363389643809876
0.04332450786866161,0.17397543542608035,0.018086178907227725,0.1202218027020143,0.07237240681440185,0.008801383113751768,0.03079365969047519,0.01741880743712406,0.021133758290717432,0.023420752719371923,0.0015304931346099865,0.006821098448250622,0.0028296886854146724,0.00370265556168133,0.002076855695253011,0.012194131293140837,0.0007700221715241393,0.0,0.0006101842677401938,0.0018936964793655267,0.0,0.023035812074052964,0.015409170490627446,0.14028099005908443,0.02818837773529685,0.2311081309341318
0.04421781219664102,0.1713125131372319,0.018856161788391414,0.12087196893402448,0.07103192305993021,0.00896695115557267,0.03115159916809273,0.018227093796544934,0.019961291194012933,0.023208631691399625,0.0013204291572142355,0.006669905255582921,0.0029568593198200464,0.003990044738660558,0.0017410203446490042,0.012272754144034491,0.0006003863834770101,0.0,0.0006374079183825452,0.001983007270266972,0.0,0.022652412883277226,0.015300173413475338,0.14201187541261295,0.02823160848323785,0.23182616915346696
0.044618012736239374,0.17178230383427745,0.017854867078990734,0.12033317458453932,0.07086294945719818,0.009237093601482026,0.03131359151511498,0.018410776901009333,0.020053237962633152,0.022954838619687005,0.0013586935165268836,0.006794664026126456,0.0029608108583665813,0.004047599111979178,0.002086737818302037,0.012511315592414068,0.0007216484639995635,0.0,0.0007090765587149028,0.0018247160477404376,0.0,0.022473941958428948,0.015355104526672006,0.13999470239797268,0.02842726153463032,0.2333128812969544
0.045047322589046306,0.17216561474500547,0.01799987701050092,0.12038500542403127,0.07214311931100875,0.008702749343520548,0.030501646363658087,0.018012888882273596,0.02021106438806757,0.022111583318482928,0.0010590976520054537,0.0068876606803396035,0.0029658041203994134,0.003908034872824387,0.0019581737391967716,0.01287096068775139,0.0007599484376137401,0.0,0.0006663085990671612,0.002173299312972803,0.0,0.023180013942571437,0.015019146953150686,0.14026645585799585,0.027338546777914596,0.23366567699060128
0.04368479177669475,0.17487577313741604,0.018629512304974304,0.12016776867829455,0.0714473708732897,0.008903060873149465,0.031539768346553566,0.018141620171847832,0.019618750288574675,0.021204040243679233,0.001318973320032783,0.006844718592979633,0.00283783725476646,0.003980654231382645,0.0020173784150785165,0.012807585622587733,0.0006564846068980911,0.0,0.0006723881815796507,0.0017481128856335945,0.0,0.023347745296909247,0.014702821827126284,0.13921113764218854,0.02834830933535063,0.23329339609301214
0.0421423023427981,0.17249628256969035,0.018732509964979903,0.1220304889465161,0.07118083893700695,0.009128434150106852,0.03057328364841802,0.018761776004021163,0.020209737066694815,0.022489005247050272,0.0012094042680570185,0.006493591381645944,0.0028860751856472785,0.003936926711388887,0.0019253582954794298,0.013267586543232512,0.000735390984536226,0.0,0.0006599479010227172,0.002069500105180494,0.0,0.02266552270874777,0.015303488758093241,0.14094830412371423,0.027760620929703727,0.232393623226268
0.04294396287635511,0.170447143365988,0.018671497383474518,0.12165301637262962,0.07118882684937296,0.00937046040056148,0.031709374885902496,0.01792791630882711,0.020124953892845562,0.022612553809760575,0.0013101554113407906,0.007072337036545119,0.0031038744267616347,0.004140933452678083,0.001837685350819187,0.013061818617034936,0.000568419325957759,0.0,0.0007659605641450497,0.0021034075514955617,0.0,0.023918856802521656,0.014694643974002806,0.14223760824453618,0.02552490818647003,0.23300968490997379
0.04496394349526577,0.17022233558490388,0.018895923792247186,0.11968770836994766,0.07044094032166091,0.008911819637361188,0.031260156862698216,0.018248703327593947,0.02044026532856353,0.022422491009147387,0.001253222439680404,0.006945762928794383,0.003044543166251832,0.003945292436333119,0.002172591429464062,0.012945989348140613,0.0007090838915755413,0.0,0.0006543778996487534,0.0020601285576973645,0.0,0.023409418307620354,0.015675597503138742,0.1385049802672942,0.028176069948940386,0.23500865414603062
0.043070505665750686,0.17088097791303825,0.01813002618177538,0.1229389947254658,0.07083932291152281,0.00892215822264553,0.031444470656837434,0.018192262723562478,0.020840022688192898,0.02204037861458539,0.001130998549849341,0.0069595073065684574,0.002964876996428023,0.0038432596636332286,0.0017985489273733466,0.012553256317717157,0.0007787097275466082,0.0,0.0009287932699192393,0.0019056739299457216,0.0,0.023173040044280387,0.01479990344343371,0.14376378167737083,0.026831288289834387,0.23126924155272297
0.044050950603384584,0.17332762314530842,0.017794252075800106,0.12115845069534245,0.06979081234647329,0.008932749717086571,0.030864458621171598,0.018266504968434762,0.019915381434159406,0.02300347335976318,0.0014940114350010785,0.006850616212863714,0.0029286048636409053,0.003711496824250971,0.001876642022661322,0.012223852203847958,0.0007044734246364031,0.0,0.0007930291386963984,0.002341589930713412,0.0,0.02226567480365248,0.014724333686771143,0.14181998105214993,0.027111605831177766,0.23404943160301217
0.042923607461485914,0.17207284805779402,0.01832467491016788,0.12067340741947355,0.0718699636328485,0.008398238565150764,0.030026163316391123,0.018237278047868632,0.019743379392877583,0.02228482777791161,0.0011023778563037572,0.00727841040859304,0.0027571176270807405,0.003784152571588366,0.0019407142092014314,0.013620387579023067,0.0007474578702621404,0.0,0.0007494650236971615,0.0019161797702237694,0.0,0.02358141863502879,0.015280014764480983,0.13998591559452978,0.028836451278625448,0.233865548229392
0.04277063641967889,0.1719989550358231,0.01780794168412502,0.11906995567878771,0.07068425307399243,0.009223926350664984,0.031133162921902203,0.01838975190038632,0.019401791583572827,0.022746853265169124,0.0014684401999981514,0.007025706156323997,0.003103244907344332,0.0037566856545623245,0.001670980289127866,0.012659420643718075,0.0008386518006767638,0.0,0.0005747621470117724,0.0017272637835217554,0.0,0.023753108585402968,0.01515144094694835,0.14385952702756385,0.027914103054549787,0.23326943688914734
0.043684735586739167,0.1708615287866303,0.01878741619237958,0.1202735036831915,0.07114448171436656,0.008804493524397418,0.031995730203989776,0.01836544768529396,0.01919807750300014,0.02379916758340283,0.0014793140443713475,0.006760590016808815,0.003000236661847091,0.0037978265587499727,0.0019920065634245416,0.01184967460176209,0.0007302933718223304,0.0,0.0006678950621534726,0.0018912869701593516,0.0,0.022807080369395317,0.015046902740103618,0.13933813125811814,0.027568489189498575,0.23615569012839416
0.04235546195764937,0.17272862047045812,0.019073124038194045,0.12216047918754853,0.07044275963035511,0.00900545348029705,0.031443753188712634,0.018723574473461044,0.02007862982155291,0.022251149953316,0.00131088879473909,0.0070612238271548335,0.0029885838183236345,0.003980503859768927,0.0019832309445035434,0.011946546835418322,0.0007669346618749716,0.0,0.0006165105568459795,0.002204013771521552,0.0,0.02306607273079688,0.015307463144171612,0.14196074104658216,0.02669962491456517,0.23184465489218858
0.04380375660426634,0.1731586104504055,0.01807671135963452,0.12132424768217069,0.07099853971034625,0.008823838120650929,0.030820877631294617,0.01832125256363589,0.019271964152357417,0.022168902405614484,0.0011893155878759246,0.006950017180217256,0.0025762877376595906,0.004079759816282917,0.0020800622340656676,0.0134868175808816,0.000556526641789256,0.0,0.0006587853851915692,0.002036858924888664,0.0,0.022290153592203342,0.014839810104294967,0.14205239249269494,0.029105516200334174,0.23132899584124345
0.04477637202565214,0.1689253392444765,0.01806272550125394,0.12077138882381491,0.07239361014711086,0.008862757285295689,0.031473953294827516,0.01802699309093775,0.019807978675917066,0.023471744707989926,0.0012542422420629342,0.006595079180473626,0.002925641226515389,0.003802945433840773,0.0017046642884008742,0.012636525696672899,0.0007420094998709903,0.0,0.0007155242175190822,0.002048031285750311,0.0,0.023057153574904822,0.015212575835942233,0.13960317841788492,0.02707187534887317,0.23605769095401166
0.04499046200583812,0.1721341659947607,0.018184927726787068,0.11975731498978268,0.06913901492638079,0.008729189464994668,0.03187974814726855,0.018097712044575005,0.020691600896857808,0.022863755095828525,0.0012770170674687666,0.006565654053769678,0.002802408827533829,0.003963728494262448,0.0018895290383106372,0.013291720978020139,0.00071366249228235,0.0,0.0007345116462159873,0.0018231050084775856,0.0,0.021984871214628887,0.014437565964429511,0.14025119333362732,0.027824735577768406,0.23597240501013056
0.04339413589510192,0.17259234568698884,0.01749900460786178,0.12095775256327992,0.06964661626606403,0.009115216482237473,0.0320673979531217,0.017852587832879244,0.020495426229292714,0.023111802764491856,0.0011507302115029308,0.006519906198629478,0.0027529576174373433,0.0039004677594254382,0.001978091072270465,0.013199738818492244,0.0006629475956941424,0.0,0.000670371753101996,0.001994328813648882,0.0,0.022467115751201888,0.014957191467508207,0.14072800064291785,0.0282192200704994,0.23406664594635024
0.04308331541657921,0.17349805079898276,0.018527127229530538,0.1218684474621052,0.07152172762548223,0.008352726150603649,0.030666366822439495,0.018335338135464507,0.019222646971741513,0.021961177559131115,0.0013166999911199502,0.0069772912819934686,0.0029346352916493172,0.00367603297598193,0.002103473197823317,0.01249163117341005,0.0007887445543859955,0.0,0.0005102850407926285,0.001859931263835581,0.0,0.023112659079469598,0.015304240441871064,0.1416973034082161,0.027789435254886724,0.23240071287250408
0.04319053533865052,0.17174493116201114,0.018272753174358065,0.12018133478734878,0.07110536815021805,0.008927536625097269,0.03172801915389918,0.01853331393415362,0.020604931893670415,0.021898544859701694,0.0014024671547368944,0.007023511846438284,0.0029222049862771644,0.0038715916390670594,0.0019826663450601984,0.013201130066452304,0.0006432547231079828,0.0,0.0006723251041955081,0.0017731851791938486,0.0,0.02327701743023201,0.015076698735398,0.14162508456010756,0.027187215125611657,0.23315437802501277
0.04230732725020449,0.17081474871135366,0.017523034880918362,0.1214877271032218,0.07165493193354605,0.008207527071105811,0.030974637147610062,0.018046649799539332,0.02021248791928897,0.022595609836575013,0.0013826745419328842,0.006907238897441173,0.002923202521594609,0.003981773255028752,0.002147212822001407,0.013083380236705985,0.0006458046391935152,0.0,0.0005778471716793636,0.0018156125652532868,0.0,0.022488107435972886,0.01529389026115317,0.1415882625563887,0.027917435212595314,0.23542287622969543
0.04326139722360373,0.17293942730181505,0.017228488018013154,0.12106143430013305,0.07007619869780088,0.00836307144199892,0.031428992460959995,0.01802193004219555,0.02071145590362606,0.022196539122893915,0.0013048597027905547,0.006660427849388265,0.0028451296870932673,0.0039260023988402434,0.002115930803944105,0.013099633820099748,0.0006127796294307606,0.0,0.0006455925623084721,0.0020473407587595217,0.0,0.02314103301573166,0.015236975754733723,0.14082634044495618,0.029316559423339782,0.2329324596355434
0.04226093686438184,0.17168385685722118,0.01858326745072711,0.12034953614448388,0.07109934890970587,0.009190939193805706,0.03176294938878278,0.018713819516904116,0.01940354270486317,0.022661568000629753,0.0012135643537001862,0.00652752227722052,0.002584028936918067,0.0037556994886675994,0.002002648456687763,0.012373536283692569,0.0008713480415721737,0.0,0.0008185381070205784,0.0016754856855203993,0.0,0.02292498536652595,0.016136339350612733,0.1415058895830707,0.0287211515042504,0.23317949753303496
0.04201877083033888,0.17160836153154743,0.017776990272486942,0.12045604470382718,0.07062462673391826,0.009094860371099595,0.031163359162260734,0.01846627730340014,0.020251614954707668,0.02230197923885131,0.0013174083620966382,0.0069781897411831575,0.0028605660297585755,0.00328086136008799,0.002013576966289846,0.01355921865523504,0.0006613680183710429,0.0,0.0007929630321822593,0.0018313534732089746,0.0,0.023034394013646008,0.014758452540873417,0.14129449529382138,0.02813847626803224,0.23571579114277533
0.043730947164404003,0.17213560015129187,0.018598391633929272,0.1200662037527532,0.070452816731647,0.008925876158365906,0.03106315305897141,0.018850764518496772,0.019874850901100753,0.022434231769739743,0.0013701731152776409,0.007153317753052331,0.003017581443005044,0.003935521782936844,0.0017909889039550125,0.012819918866692249,0.000669029588598446,0.0,0.0007098759553018291,0.0022588121008604036,0.0,0.02221732986724844,0.015167132556877516,0.14232238515276957,0.028967713588241163,0.2314673834844836
0.04329472027394958,0.17230473842511057,0.0183066481444937,0.11880039368652899,0.07088351290934589,0.009253916426814987,0.03245261413640066,0.018841296016689626,0.020931842930004246,0.02198197714727279,0.001420140670888166,0.006934329647332681,0.0028559628319517047,0.0041099392946693635,0.0019533591223084555,0.012125450961805987,0.0008624244392989221,0.0,0.0007361718614869933,0.001945268044380452,0.0,0.023028221164261734,0.015293330375738549,0.13964182000624228,0.02732139029560839,0.23472053118741537
0.04291323091855769,0.1719789803150708,0.019183341839508018,0.12226699285297056,0.06935962536537257,0.009348378554901051,0.031131053437721184,0.018166414639489755,0.020043298995730374,0.023340201272148805,0.0011556049420526034,0.006820968918696674,0.0028326860012160707,0.003979854728644189,0.001973066808251594,0.012562317986983632,0.0007375418577284309,0.0,0.0006658468404859153,0.0021581301358832316,0.0,0.02320958388893892,0.015166020165382746,0.13941595287983857,0.026476217407002595,0.23511468924742407
0.04139653537983671,0.17201544868771362,0.018747050712586467,0.12191748042677117,0.07241022140334737,0.008936589348215023,0.030704986916262937,0.017990490930933505,0.01979441898183793,0.023551824499090494,0.0012685038972434462,0.0069332350252862,0.0027147685863994275,0.0037428764638347115,0.0018592051401056732,0.012891662633556145,0.0006961731949783564,0.0,0.000576198781302439,0.0016518817753969587,0.0,0.022034866595221865,0.015363537362614341,0.14047119681804016,0.028778315820154776,0.23355253061927037
0.04248282569119967,0.17026816732525799,0.018291885552575868,0.12172994488511357,0.07079915546942427,0.008830623115098817,0.03065122718418204,0.017992604977482753,0.02013296587484259,0.02173808855903938,0.0014117812379057727,0.006754386636263152,0.0028714076571903255,0.003795645136569255,0.0019003924009892536,0.012056565304941275,0.000769551020211821,0.0,0.0007306251630294529,0.0018494833972145627,0.0,0.0242469713110785,0.015995956828930548,0.14107484694144953,0.02975836966935318,0.2338665286606565
0.04330470759412761,0.1699167046954404,0.01800604600140497,0.12314360047915034,0.07197786853039109,0.00914164952000562,0.032195618488049735,0.017874775103624445,0.0201438017430366,0.02188961804896375,0.0013885629902066579,0.007223984977395391,0.0030044504271779507,0.0038391525639347654,0.0020069966645396833,0.013152624028092622,0.0007358212734341975,0.0,0.0007440601692874798,0.0019590688608075867,0.0,0.023298567245020267,0.014650460570405126,0.14008039428897873,0.027091846947985488,0.23322961878853948
0.04205866744233468,0.17233700117862205,0.018399469284709445,0.12169068824178864,0.06978805474236947,0.00896634213143258,0.031205097946508047,0.018204051732154433,0.020250580056773958,0.022071215863967365,0.0012864800460197618,0.006884773625284199,0.003056160843002206,0.0035714664023616697,0.001857169237683178,0.012508509830784224,0.000627757084952669,0.0,0.0006037200563174791,0.0018581183200303952,0.0,0.02355053747669201,0.015265849580424928,0.14041764674234708,0.027959265123674044,0.2355813770097655
0.04465565687907735,0.17124500139919624,0.01875412188984897,0.12012681673412921,0.07191668992416403,0.009007720303575852,0.030578861112092782,0.018231878338022173,0.02001846265298447,0.02197606532618023,0.0012672108527417808,0.007162280407813358,0.002768187295613227,0.003830830686295036,0.001916211505306175,0.011940629430036081,0.0006393170760708573,0.0,0.0007501438030530317,0.0018512219538484177,0.0,0.023008044394082584,0.01504840231535114,0.13797558103984547,0.02863903968628642,0.23669162499438512
0.04251121442739169,0.1701281975002171,0.018248418804268342,0.12045832729635356,0.06982415665338458,0.008898397448619685,0.030923516889612274,0.018618449661242792,0.019910631028296006,0.022092690487215946,0.0013503245907080475,0.007021093389004246,0.0032281665855930486,0.004066907351721996,0.001774257087378169,0.012789304192579277,0.0007209083916913006,0.0,0.0006223476435161546,0.0019559979551871352,0.0,0.02322702720743258,0.015804429544480567,0.14057181382335998,0.02916598727580611,0.23608743476493937
0.042243828728017914,0.17292040103127213,0.018437153935793052,0.12141589336522629,0.07033493152088685,0.009174051990290191,0.031530086742444494,0.018711577104193904,0.019806979369153748,0.023254591534242558,0.0014825002065279318,0.007239147707840154,0.0027676050135291715,0.00397542869810784,0.002070581798180875,0.012808890371339412,0.0007754165608512961,0.0,0.0007011780263599679,0.0019868316607668268,0.0,0.02314567886265071,0.015516999500032953,0.13914743882341013,0.028192349835594994,0.23236045761328666
0.044079669846582244,0.17227224883535225,0.01873861978753911,0.1206319923440206,0.07056549683264562,0.009000786987239577,0.03129179952669188,0.018317438493980365,0.018944060214330562,0.02312677450243706,0.001256895549228408,0.00725774901067191,0.0028308048680502776,0.0036866522560815044,0.001952127554864809,0.01258714432225968,0.0005738393122553733,0.0,0.0006760384435093956,0.001996079682270688,0.0,0.022906277865199415,0.01589127899221069,0.13981663710626516,0.02793220727349054,0.23366738039282292
0.043695629224687275,0.17236614970063963,0.018488915834684753,0.12030083413294039,0.06983439905660074,0.009155874494233326,0.03113735632200057,0.018222804116930134,0.019680051260558183,0.022471115341726727,0.0012660658564956741,0.0067581055194298216,0.0028507753327249616,0.0042255470880630955,0.0018971719095765404,0.012228924948312977,0.000781257754982594,0.0,0.0007261293317465845,0.002082711327892197,0.0,0.02274036147613972,0.015159354034581251,0.14262346716626934,0.028176012547908462,0.23313098622087502
0.041807495775493336,0.1725527003259082,0.01847176019032575,0.12191009469195732,0.07119417746762977,0.008831055367189318,0.03140883517823778,0.01858999545899683,0.019350979721173046,0.02288414062173486,0.0013566631222385456,0.00724968542704762,0.0030733012810649505,0.003948771368419773,0.0020509803424719197,0.012479985173192095,0.0008932902358738526,0.0,0.0007585073266039002,0.0016599628073456437,0.0,0.023280063614907937,0.015815386314954903,0.1402844868189334,0.028546735787382267,0.231600945580917
0.043413526501539054,0.17106512710282154,0.017958835904730477,0.12124012548723088,0.07076997760341855,0.00933505986757197,0.03253678274201955,0.01853038600215459,0.01994875371140037,0.022125339210012432,0.0013414796969697907,0.007273049965993062,0.002989143250664018,0.003876194693168069,0.001606537240523953,0.012173471413159337,0.0005087629884535796,0.0,0.000762324510470772,0.0021069102411331404,0.0,0.023257448844469113,0.015106288811043622,0.13976763520379437,0.02848260754387294,0.23382423146338485
0.04313188885234933,0.17161373144484943,0.018360525309750537,0.12032106346004053,0.07212155990492801,0.00888806269540257,0.03047452970077468,0.017822359946177552,0.01985813698243965,0.02239459096078759,0.0011867892538525153,0.006807973495821182,0.0030057418899436797,0.003915498233804932,0.0017883907657562834,0.012821769457395698,0.0009638413942232256,0.0,0.0008095750835159666,0.0021215137341260037,0.0,0.022870225117928338,0.015439792715290798,0.14051723906453636,0.027316918653172057,0.23544828188313308
0.04222004379405837,0.17317667982825785,0.017858638873922816,0.12218205690304358,0.06995333817557244,0.00865520298627716,0.0315786383933083,0.01834509641240523,0.019846112089309552,0.022672641862534086,0.0011818975900685065,0.006772691676805831,0.00315597313381812,0.003718432515775858,0.0017755012193296476,0.012687398089683685,0.0006952301388301814,0.0,0.0006610174261544597,0.0013542610161096902,0.0,0.022765530163542255,0.015407542621957575,0.1411792588830664,0.028447895857829676,0.23370892034833873
0.04424437326929136,0.17258804672551992,0.01885009550601242,0.12111066057684838,0.07048952954807872,0.008720561336264665,0.030240203390285585,0.018239231393503683,0.019979859784824437,0.022284308488087774,0.0012448370457697287,0.0071700949090162305,0.0026323433443103026,0.0037763413258650224,0.0019784887555809394,0.01275453525018376,0.0008623566862116822,0.0,0.0006559617128328443,0.002042575148332031,0.0,0.022062501485594053,0.014760684259500301,0.1405438589594318,0.02833240930475871,0.23443614179389569
0.04330126908267668,0.17198083719554874,0.018377227359850385,0.11926126603729943,0.07036909441568737,0.009669433844047629,0.0313730945186816,0.01798399073787333,0.019466199801065627,0.0212032155724203,0.0013347999485112268,0.0071281063184106585,0.0028156822945035907,0.00408151120318152,0.0019944246923584447,0.012614843458242564,0.0006336440516167897,0.0,0.0007942670079433039,0.001820752711823662,0.0,0.023308405783949958,0.015137828734883849,0.14022144970176714,0.02784665040457014,0.237282005123086
0.043158993570664904,0.17205301035448262,0.017888642449600645,0.12304662766693264,0.07142942973626962,0.009167479788161306,0.02975554405110396,0.018141763229435778,0.019874947474392436,0.022896631583377534,0.001094216923581554,0.007175835113075573,0.0028388941855914357,0.004115856923540594,0.0021800105151875944,0.01359344975496848,0.0008228241392217152,0.0,0.0006679676427485159,0.0018439456447155358,0.0,0.023448031021276385,0.014711963541754896,0.14011767266963487,0.028245538420445266,0.23173072359983618
0.04397912338491254,0.1707655579625012,0.016958413882969085,0.11972268582214336,0.07168300712563584,0.009357041291937424,0.031324167602965546,0.01888280463633045,0.019921319547190203,0.022718824525162246,0.0010641204105202393,0.006796885751297582,0.002581635386725897,0.0036833319539088076,0.002042217715576132,0.012562677703893669,0.0007568554018527886,0.0,0.0006848420730560578,0.0020047661981428436,0.0,0.023071942876994666,0.014516170796559582,0.14186260171979587,0.02855442947848457,0.23450457675144332
0.043700333429437556,0.1712220634960168,0.01760689704643667,0.11853088393094895,0.07137865479611458,0.008400664159370701,0.03126961016866921,0.01836684415935008,0.019352661005864746,0.023040078323257197,0.0012897463371522825,0.006668965968077959,0.00261830817270174,0.0038339135546837854,0.0018313446965545134,0.013614173424282089,0.0007682700764957853,0.0,0.0007331437875275756,0.0021041332085486005,0.0,0.022851461865681207,0.015063929829355935,0.14231610390821336,0.02816205944244075,0.23527575521281802
0.04334155047140638,0.17005978702982238,0.018456701665686106,0.12109355283356023,0.07097990447870126,0.008278393308144383,0.03123228968003437,0.018790589902574952,0.020372666411032775,0.022629952397790302,0.0012648464934425952,0.006782580524688853,0.002940024910101339,0.0038408492168131164,0.0017583366958474496,0.013206380235837168,0.0005383961761406825,0.0,0.0008245874203142844,0.0020337357536925308,0.0,0.022711017479702895,0.01576910223012061,0.14070704506173834,0.028122585194444848,0.23426512442836214
0.04454654214375532,0.1734116819103898,0.018839981565523238,0.12160246076197798,0.07143275332936569,0.009169163982273887,0.0310980347255115,0.017854961675951582,0.02006609491065902,0.022918880750304252,0.000831977573077561,0.006856185424177553,0.0029741572341925714,0.003795147260411064,0.0018991666297078081,0.01341979075212806,0.0008522868374957337,0.0,0.0008506818065200095,0.0021346759656492693,0.0,0.023439263881743787,0.014925657242693203,0.13686491984640597,0.027723147822366685,0.23249238596771843
0.04348667981176581,0.17076660388819526,0.01799995712714996,0.12158487649572639,0.06940601263769955,0.008689491463292284,0.030025164600284628,0.018395980595740623,0.020050949514254717,0.023799639434633722,0.0013551428299441027,0.006675779364777497,0.002887893035793486,0.00428369246338574,0.0018707033257384289,0.013458137162358594,0.0006252020538651283,0.0,0.00083849994842935,0.0020186539679073376,0.0,0.022753198717156385,0.015519671161768259,0.14105000764812906,0.028064528960964553,0.23439353379103922
0.04315943984355634,0.17218935477272043,0.018504340047820325,0.11813976493422718,0.07118595067895997,0.007933099350065866,0.031102518077775178,0.01815221746106245,0.01929613555538576,0.022482770091618816,0.0013572117400825984,0.007239175630128145,0.0030715860386952704,0.004071526162295637,0.001890263922960552,0.012763256558534447,0.0007106536608336738,0.0,0.0007618074238786699,0.002096831712769432,0.0,0.023720907823835312,0.015390907132938109,0.14162376131006454,0.027831475958909817,0.23532504411088154
0.04405327460142698,0.17196819168707317,0.018514313081830942,0.1201380821107618,0.07056545492393816,0.008971705197329486,0.030645167570961328,0.018257987223193422,0.02076467253886061,0.022772364892432916,0.0012966327034789442,0.0064183543746354575,0.0031470353332561443,0.0038409436520734697,0.0019663610880760966,0.013345095255150282,0.0009115934430226156,0.0,0.0007126906145200594,0.001920501582733159,0.0,0.02339137887609754,0.015553182860681858,0.1396060274889152,0.026931771091311042,0.23430721780823932
0.04357954657906381,0.17228321590124612,0.018717516443269654,0.12086098041168425,0.07085528211500455,0.008910772659202433,0.03151843318725515,0.018244417907488215,0.019730103138469686,0.022599410146483888,0.000989228019203965,0.007012815527494234,0.0030095041391622447,0.0039049411327297954,0.0017825481274386268,0.012548651906529979,0.0007645262721145549,0.0,0.0007468150254696354,0.0016239938403057868,0.0,0.022607752879138514,0.015071456031047977,0.14107925662312856,0.028020831444618848,0.23353800054244953
0.04362022466596201,0.1719437963252369,0.01822669547631285,0.12050257879232232,0.07014290285653921,0.00872306258039759,0.030845649122024532,0.01822491206212671,0.019631941889958253,0.022698494292578662,0.001201926197845604,0.007195385238087394,0.00307247130736595,0.004007694251302961,0.0019266444918138337,0.013877185833021666,0.0008775158450556625,0.0,0.0006373075948567627,0.0020749745501813634,0.0,0.022934085932843528,0.015056668697810093,0.1421408247372336,0.027532752705684848,0.2329043045534378
0.04261045393563588,0.17196239714187828,0.018521684749143542,0.12087495600376699,0.07044367124657579,0.008971063704243774,0.030517175121875396,0.018362035183656655,0.020396962331047184,0.022954459090828664,0.0011359850135909612,0.006978701799919854,0.0028541132029917355,0.0037907584460588383,0.00179424219829319,0.013042551811229399,0.0008357893704201069,0.0,0.0007124282411416089,0.0019507979212920405,0.0,0.0232547081557481,0.015076995624719059,0.1426885618570961,0.027445626750675772,0.2328238810981711
